1,_,是正品,真伪,正面
1,_,擦在脸上勾称白嫩,功效,正面
1,_,不错的商品,整体,正面
2,颜色,明显,其他,负面
3,细腻,细腻,使用体验,正面
4,_,_,_,_
5,整体,效果不错,整体,正面
6,细腻,很细腻,使用体验,正面
6,贴合肤色,贴合肤色,使用体验,正面
6,提亮肌肤,一下子提亮了肌肤,使用体验,正面
7,_,特别好用,整体,正面
7,_,建议购买,整体,正面
7,_,很喜欢,整体,正面
8,_,_,_,_
9,_,_,_,_
10,_,不错,整体,正面
11,清爽,清爽,使用体验,正面
11,水润,水润,使用体验,正面
12,包装,一般,包装,中性
12,_,还行,整体,中性
13,_,一般般,整体,中性
14,_,不错,整体,正面
15,物流,速度快,物流,正面
15,包装,质量是怎么回事,包装,负面
15,盖子,裂了,包装,负面
15,包装,掉了一小块在盒子里,包装,负面
15,_,很不爽,整体,负面
16,_,没以前的好用,整体,负面
17,物流,速度快,物流,正面
18,_,很喜欢,整体,正面
18,_,很好用,整体,正面
19,_,_,_,_
20,_,自然,其他,正面
20,_,不油腻,其他,正面
21,_,挺好用的,整体,正面
21,_,好评,整体,正面
22,洗面奶,很适合,整体,正面
22,洗面奶,洗的比较干净,使用体验,正面
23,_,很不错呢,整体,正面
23,_,很贴肤细腻,整体,正面
24,_,不错,整体,正面
25,价格,双11确实比平时优惠,价格,正面
26,_,很好用,整体,正面
26,_,太贵了,价格,负面
26,_,这天气可以再过一久使用,使用体验,中性
26,_,有点干,使用体验,负面
27,_,真心不错,整体,正面
28,成膜,较慢,使用体验,负面
28,_,油腻,使用体验,负面
28,使用效果,一般,使用体验,中性
29,_,_,_,_
30,使用体验,还可以吧,使用体验,中性
30,_,有些发白,其他,负面
30,_,过会儿就自然了,其他,正面
31,_,_,_,_
32,卸妆液,好,使用体验,正面
32,卸妆液,卸妆干净,使用体验,正面
33,_,好用,整体,正面
33,_,摸上很自然,使用体验,正面
34,_,快,物流,正面
34,_,很好,整体,正面
34,_,不错,整体,正面
35,洗面奶,有刺激性,使用体验,负面
35,洗面奶,洗后有些痒,使用体验,负面
35,洗面奶,很不舒服,使用体验,负面
36,快递,很快的,物流,正面
37,_,很期待,整体,正面
37,物流,很快,物流,正面
37,_,很划算,价格,正面
38,面膜,很水润,使用体验,正面
38,包装,也不错,包装,正面
39,物流,很快,物流,正面
39,服务,很好,服务,正面
39,_,真的,真伪,正面
40,价格,特别划得来,价格,正面
41,面膜,水水的,使用体验,正面
41,面膜,很好用,使用体验,正面
41,面膜,感觉脸不紧绷了,使用体验,正面
42,_,一般,整体,中性
43,气味,酒精味重,气味,负面
44,_,很喜欢,整体,正面
45,_,很好,整体,正面
45,_,购买了好几次了,整体,正面
46,_,还可以,整体,中性
47,_,非常不错哦,整体,正面
47,气味,没有刺鼻的味道,气味,正面
48,_,_,_,_
49,包装,连个盒子都没有，直接塑料袋包好,包装,负面
49,_,太垃圾了,整体,负面
49,_,不值这个价,价格,负面
50,_,还不错,整体,正面
50,_,不方便呢,服务,负面
51,_,不错,整体,正面
52,整体,好用,整体,正面
52,_,显白,使用体验,正面
52,_,不油腻,使用体验,正面
53,_,价格挺便宜的,价格,正面
53,_,还送了两个替换装,其他,正面
54,快递,速度快,物流,正面
55,_,实惠,价格,正面
56,_,很喜欢,整体,正面
57,_,不怎么好用,整体,负面
58,卸妆水,亲肤柔和,使用体验,正面
58,卸妆水,满意,整体,正面
59,_,_,_,_
60,皮肤,很滑,使用体验,正面
60,皮肤,很嫩,使用体验,正面
61,_,_,_,_
62,使用体验,不好用,使用体验,负面
62,整体,不是想象那样,整体,负面
63,_,_,_,_
64,_,不错啊,整体,正面
65,质量,不错,整体,正面
65,送货师傅,很给力,服务,正面
65,_,送了一个替换装,其他,中性
66,物流,很快,物流,正面
67,洗面奶,好用,整体,正面
68,物流,非常快,物流,正面
68,包装,不错,包装,正面
69,快递,给力,物流,正面
70,_,还可以,整体,中性
71,_,_,_,_
72,包装,很一般,包装,中性
73,_,_,_,_
74,_,_,_,_
75,整体,真心不错,整体,正面
75,_,非常划算,价格,正面
75,_,有好,使用体验,正面
75,_,温和不刺激,使用体验,正面
76,_,_,_,_
77,_,真的好好用,整体,正面
77,_,无刺激,使用体验,正面
77,_,用完还会购买,整体,正面
78,价格,便宜,价格,正面
78,性价比,高,价格,正面
78,_,不错,包装,正面
78,_,应该还可以,整体,中性
79,包装,很好,包装,正面
79,快递,快,物流,正面
80,补水效果,不会让我失望,功效,正面
80,_,会继续光顾的,整体,正面
81,_,很好用,整体,正面
82,整体,不错,整体,正面
82,物流,很快,物流,正面
82,整体,值得信赖,整体,正面
83,_,还行,整体,中性
84,_,还不错,整体,正面
84,_,会回购,整体,正面
85,_,_,_,_
86,整体,很好用,整体,正面
86,功效,修复得很好,功效,正面
86,使用体验,光光滑的,使用体验,正面
86,整体,超喜欢的,整体,正面
87,_,速度很快,物流,正面
87,_,水润润,使用体验,正面
88,洗面奶,温和,使用体验,正面
88,洗面奶,清爽,使用体验,正面
88,洗面奶,不紧绷,使用体验,正面
88,_,买一送一很划算,价格,正面
89,_,非常好用,整体,正面
90,_,看着不错,整体,正面
91,_,挺好,整体,正面
91,_,用着不错,整体,正面
92,气味,不喜欢,气味,负面
93,_,很好用,整体,正面
93,味道,特别好闻,气味,正面
93,_,很细腻,使用体验,正面
94,价格,优惠,价格,正面
94,_,满意,整体,正面
95,_,挺好的,整体,正面
96,面膜,特别滑,使用体验,正面
96,精华液,挺多,成分,正面
97,包装,精美,包装,正面
97,价格,实惠,价格,正面
98,隔离,很不错,整体,正面
98,紫色的隔离,非常喜欢,整体,正面
98,_,送了小赠品,其他,正面
98,快递,给力的很,物流,正面
99,_,_,_,_
100,补水效果,特别好,功效,正面
100,_,特别水润,使用体验,正面
101,_,性价比高,整体,正面
101,_,还可以的,整体,中性
102,味道,淡淡的,气味,中性
102,紫色,适合黄皮的,其他,正面
102,_,不油腻,使用体验,正面
102,_,用过三瓶了,其他,中性
102,包装,新的旧的,包装,中性
103,使用体验,用后皮肤水水的,使用体验,正面
104,质量,可以,整体,中性
104,_,便宜实惠,价格,正面
105,面膜,还可以,整体,中性
105,外面那层膜,太硬了,使用体验,负面
106,_,超级好用,整体,正面
106,_,值得购买,整体,正面
107,隔离霜,很不错的,整体,正面
108,面膜,不错,整体,正面
109,_,很好用,整体,正面
109,物流,送货快,物流,正面
110,气味,有个爽身粉的味道,气味,中性
111,整体,性价比很高,整体,正面
112,真伪,是正品,真伪,正面
112,气味,香味浓郁,气味,正面
112,功效,遮瑕效果非常好,功效,正面
113,保湿效果,不错,功效,正面
113,_,挺好用的,整体,正面
114,隔离,非常好用,使用体验,正面
115,整体,愉快的购物体验,整体,正面
116,_,值得信赖,整体,正面
117,_,无流很快,物流,正面
117,_,看着挺好的,整体,正面
118,_,价格合适,价格,正面
118,_,不贵,价格,正面
118,_,还好用,整体,正面
119,真伪,是正品,真伪,正面
119,_,性价比最高,价格,正面
119,_,很好用,使用体验,正面
119,物流,物流也很快,物流,正面
120,_,挺好的,整体,正面
120,_,效果不错哦,功效,正面
121,_,挺好的,整体,正面
122,气味,味道真的不好闻,气味,负面
122,气味,闻着很次,气味,负面
122,成分,滑石粉放多了吧,成分,负面
122,使用体验,不好冲洗,使用体验,负面
122,_,看在试用了赠品的份上,整体,中性
122,_,很勉强留下,整体,中性
123,_,_,_,_
124,_,_,_,_
125,_,好用,整体,正面
125,_,不贵,价格,正面
126,_,质量不错,整体,正面
126,_,一如既往的好用,整体,正面
127,物流,送货速度很快很方便,物流,正面
128,_,_,_,_
129,使用体验,一言难尽,使用体验,负面
129,使用体验,不怎么样,使用体验,负面
130,价格,物美价廉,价格,正面
130,物流,发货快,物流,正面
130,包装,盒子很漂亮,包装,正面
131,_,_,_,_
132,_,不好,整体,负面
133,快递,慢,物流,负面
134,整体,和想的是一模一样,整体,正面
134,物流,快,物流,正面
135,购买渠道,早知道到实体店购买,服务,负面
135,积分,还有积分,服务,正面
135,价格,价格也差不多,价格,中性
135,赠品,一点都没有,其他,负面
136,整体,好用,整体,正面
136,整体,超级好用,整体,正面
136,功效,用完就不干了,功效,正面
136,使用体验,很舒服,使用体验,正面
137,_,不紧水份多,其他,正面
137,价格,便宜,价格,正面
138,_,超级补水,功效,正面
138,_,超级划算,价格,正面
138,_,五星好评,整体,正面
139,_,_,_,_
140,物流,快,物流,正面
141,面膜,很好用,整体,正面
141,补水效果,很好,功效,正面
141,_,滋润服帖,使用体验,正面
141,_,打造完美妆容,使用体验,正面
141,_,秒杀屯货,其他,正面
142,海藻面膜,补水特别好,功效,正面
143,整体,实惠,价格,正面
143,整体,好用,使用体验,正面
143,整体,滋润,使用体验,正面
144,物流,很快,物流,正面
145,物流,杠杠的,物流,正面
145,包装,不错,包装,正面
145,_,不知道效果怎样,功效,负面
146,面膜,特别轻薄透气补水,使用体验,正面
147,_,还可以,整体,中性
148,补水效果,特别好,功效,正面
149,整体,总体效果还可以,整体,中性
149,功效,吸收效果不是太好,功效,负面
149,使用体验,擦的时候脸上会留下霜渍,使用体验,负面
150,_,很好,整体,正面
150,_,有一点增白的效果,整体,正面
151,_,_,_,_
152,_,不太喜欢,整体,负面
153,整体,超级不错,整体,正面
153,服务,超好,服务,正面
154,干,干,使用体验,负面
154,搓泥,搓泥,使用体验,负面
154,_,适合,整体,正面
155,价格,经济实惠,价格,正面
155,_,希望好用,整体,中性
155,物流,送货快,物流,正面
156,_,很好用,整体,正面
157,_,_,_,_
158,遮暇力度,不够,功效,负面
158,上妆,服帖,使用体验,正面
158,性价比,超高,价格,正面
159,真伪,应该是正品,真伪,正面
159,_,买那么多都没有送东西,其他,负面
160,整体,推荐的,整体,正面
160,功效,效果也不错,功效,正面
160,使用体验,非常滋润,使用体验,正面
161,整体,很好用,整体,正面
161,价格,很实惠,价格,正面
162,产品,挺好,整体,正面
162,物流,很快,物流,正面
162,_,价格实惠,价格,正面
163,_,挺好用的,整体,正面
163,卸妆,很温和,使用体验,正面
163,卸妆,很清爽,使用体验,正面
164,外包装,湿了,包装,负面
164,_,十分不好,整体,负面
165,物流,速度不错,物流,正面
166,_,挺好用的,整体,正面
166,_,老客户,其他,中性
167,_,非常不错,整体,正面
167,_,实惠,价格,正面
168,使用体验,挺好用的,使用体验,正面
168,使用体验,挺滋润的,使用体验,正面
168,使用体验,用完毛孔没有那么大了,使用体验,正面
169,_,好用,整体,正面
170,_,_,_,_
171,洗面奶,不怎么好用,整体,负面
171,_,便宜,价格,正面
171,_,不知道是不是真的,真伪,负面
172,_,吸收快,使用体验,正面
172,_,超级滋润,功效,正面
172,_,双十一活动给力,其他,正面
173,包装,捡漏也不送个盒子,包装,负面
174,_,不错,整体,正面
174,气味,很好闻,气味,正面
174,_,质量很好,整体,正面
174,_,值得信赖,整体,正面
175,洗面奶,很好用,使用体验,正面
176,遮瑕,不咋个,功效,负面
177,_,一如既往的好,整体,正面
178,补水效果,挺好的,功效,正面
178,_,有点紧绷,使用体验,负面
179,_,物超所值,整体,正面
179,_,物聊超快,物流,正面
180,使用体验,容易推开,使用体验,正面
180,使用体验,不油腻,使用体验,正面
180,功效,成膜挺快的,功效,正面
180,使用体验,有一丢丢泛白,使用体验,负面
181,_,很好,整体,正面
181,_,不过敏,使用体验,正面
181,_,很保湿,使用体验,正面
181,_,不油腻,使用体验,正面
182,遮盖红血丝,还不错,功效,正面
182,_,挺干,使用体验,负面
183,_,_,_,_
184,整体,还是不错的,整体,正面
184,价格,比较优惠,价格,正面
185,_,_,_,_
186,_,_,_,_
187,保湿效果,很好,功效,正面
188,_,特别好用,整体,正面
189,_,挺好用的,整体,正面
190,价格,合适不错,价格,正面
191,_,_,_,_
192,使用体验,觉得很好用,使用体验,正面
192,使用体验,贴在脸上也很舒服,使用体验,正面
193,_,不错,整体,正面
194,气味,很好闻淡淡的清香,气味,正面
195,整体,一般吧,整体,中性
196,包装,连包装盒子都没有,包装,负面
197,_,_,_,_
198,使用体验,洗完脸皮不紧绷,使用体验,正面
199,物流,很快,物流,正面
199,_,很满意,整体,正面
199,_,看着还不错,整体,正面
200,补水,应该还是可以的,功效,正面
200,_,有些油,其他,负面
201,物流,送货速度快,物流,正面
202,_,很喜欢,整体,正面
202,_,值得购买,整体,正面
203,物流,挺快的,物流,正面
204,_,_,_,_
205,贴肤,很好,使用体验,正面
205,_,贴肤,使用体验,正面
205,_,不卡粉,使用体验,正面
206,包装,很精美,包装,正面
206,服务,良心卖家,服务,正面
207,_,很好用,使用体验,正面
207,香味,不重,气味,正面
207,香味,不刺激,气味,正面
208,使用体验,挺好用的,使用体验,正面
208,气味,味道香香的,气味,正面
208,使用体验,洗完脸上很滑,使用体验,正面
208,使用体验,很舒服,使用体验,正面
209,_,_,_,_
210,价格,贵些,价格,负面
210,活动,给力,价格,正面
210,_,郁闷,整体,负面
211,补水效果,特别好,功效,正面
211,_,很喜欢,整体,正面
212,_,_,_,_
213,效果,不好,功效,负面
213,_,没有其他款式的好用,整体,负面
214,整体,效果不错 满意,整体,正面
215,使用体验,非常好用,使用体验,正面
215,_,很干净,使用体验,正面
216,卸妆水,很好用,整体,正面
216,卸妆水,不油腻,使用体验,正面
216,卸妆水,有点小瓶,尺寸,负面
216,卸妆水,用得快,使用体验,负面
217,_,_,_,_
218,快递,超级给力,物流,正面
219,成分,安全,成分,正面
219,赠品,惊喜,包装,正面
219,_,颜值在线,整体,正面
219,_,好开森,整体,正面
220,包装,挺好看的,包装,正面
220,_,快递小哥亲自送到家,物流,正面
221,_,不错的呢,整体,正面
221,_,喜欢了,整体,正面
222,_,很便宜,价格,正面
223,_,很好用的,整体,正面
224,_,_,_,_
225,使用体验,脸上闷闷的,使用体验,负面
226,_,_,_,_
227,_,值得信赖,整体,正面
228,_,速度飞快,物流,正面
228,_,大爱,整体,正面
229,_,_,_,_
230,使用体验,不过敏,使用体验,正面
230,使用体验,很好用,使用体验,正面
231,物流,快,物流,正面
231,使用体验,还真心不错,使用体验,正面
232,整体,很好,整体,正面
232,物流,很快,物流,正面
232,_,越做越好,其他,正面
232,_,价格越来越便宜,价格,正面
233,_,物超所值,整体,正面
233,_,全5分好评,整体,正面
234,_,_,_,_
235,_,_,_,_
236,颜色,紫色,其他,中性
236,质地,水润轻薄,使用体验,正面
236,功效,保湿,功效,正面
237,_,挺好,整体,正面
238,_,买贵了,价格,负面
238,_,不开心,整体,负面
239,吸收,很好,功效,正面
239,_,适合,使用体验,正面
239,_,很喜欢,整体,正面
240,物流,今天早上就收到了,物流,正面
240,_,看起不错,整体,正面
241,价格,一分钱买的,价格,负面
241,_,补水还可以,功效,中性
241,_,精华液也很多,成分,正面
241,_,不错,整体,正面
242,_,便宜,价格,正面
243,眼霜,没什么效果,功效,负面
244,_,非常好用,整体,正面
245,物流,快,物流,正面
246,服务,很好,服务,正面
246,性价比,高,价格,正面
246,_,很不错,整体,正面
247,_,_,_,_
248,_,很喜欢,整体,正面
248,_,大爱,整体,正面
249,滋润不油腻,挺好,使用体验,正面
250,_,不错,整体,正面
251,_,挺好用的,整体,正面
251,_,推荐推荐,整体,正面
251,_,很服帖自然,使用体验,正面
252,使用体验,用了脸过敏，直接起红点红斑，非常痛，直接就是毁容了，非常恼火,使用体验,负面
253,服务,感谢客服小海狮的服务，帮我解决了许多难题,服务,正面
254,_,一般,整体,中性
254,_,没有想象中的好用,整体,负面
254,_,纯补水,功效,中性
255,面膜,挺好用的,使用体验,正面
255,面膜,薄薄的,使用体验,正面
255,面膜,很敷贴,使用体验,正面
255,面膜,精华也好多,成分,正面
256,_,_,_,_
257,_,好,整体,正面
258,_,非常非常的好用,整体,正面
258,_,值得信赖,整体,正面
259,尺寸,好小,尺寸,负面
260,东西,摔坏了,整体,负面
260,东西,心情十分感到失望,整体,负面
261,_,好用,整体,正面
261,_,特便宜,价格,正面
262,_,好用,整体,正面
263,_,_,_,_
264,_,不好的体验,整体,负面
265,_,_,_,_
266,_,有点干,使用体验,负面
266,效果,没有提亮肤色的效果,功效,负面
266,_,感觉有点暗淡,使用体验,负面
267,_,好用,整体,正面
267,_,便宜,价格,正面
267,_,大碗,尺寸,正面
267,_,简单,使用体验,正面
267,_,通透,使用体验,正面
268,_,总体不错,整体,正面
269,气味,一股油漆味,气味,负面
269,防晒效果,不知道防晒效果怎么样,功效,负面
270,皮肤,很滋润,使用体验,正面
270,_,好多精华,成分,正面
270,_,特别喜欢,整体,正面
270,_,喜欢的MM们赶紧下手吧,整体,正面
271,使用体验,好的很,使用体验,正面
271,_,很滋养皮肤,功效,正面
271,_,美美哒,整体,正面
272,物流,很快,物流,正面
272,包装,完好,包装,正面
272,服务,好,服务,正面
273,_,_,_,_
274,使用体验,挺好用的,使用体验,正面
274,气味,淡淡的香味,气味,正面
274,持久度,一天都不脱妆,使用体验,正面
275,_,很好用,整体,正面
275,_,长期用,整体,正面
275,_,下次还买,整体,正面
276,_,超级差,整体,负面
276,_,卡粉,整体,负面
276,_,无敌卡粉,使用体验,负面
276,遮瑕,一点也不遮瑕,功效,负面
277,_,_,_,_
278,效果,很一般,功效,负面
279,_,正品,真伪,正面
279,_,实惠,价格,正面
279,快递,很快,物流,正面
279,_,满意,整体,正面
279,服务,很好,服务,正面
280,整体,效果真的不错,整体,正面
280,真伪,正品,真伪,正面
281,味道,清淡,气味,正面
281,泡沫,细腻,使用体验,正面
281,_,过敏,其他,负面
281,_,没有小样,其他,负面
282,真伪,正品,真伪,正面
282,使用体验,特别省,使用体验,正面
282,使用体验,水水润润的,使用体验,正面
283,价格,超级划算,价格,正面
283,包装,包装好看,包装,正面
283,_,品牌就是不一样,整体,正面
284,质量,差,其他,负面
284,_,长痘痘,使用体验,负面
284,_,几天了还没消,使用体验,负面
285,_,还不错,整体,正面
285,_,一点也不卡粉,使用体验,正面
285,_,挺好,整体,正面
285,_,有点小,尺寸,负面
286,_,_,_,_
287,_,挺好的,整体,正面
288,物流,很快,物流,正面
288,_,棒棒哒,整体,正面
289,_,挺好用的,整体,正面
289,_,以后就选这家了,整体,正面
290,_,真品,真伪,正面
291,补水效果,很好,功效,正面
292,_,很好用,整体,正面
292,_,一直用,整体,正面
293,_,非常清爽,使用体验,正面
293,_,舒服,使用体验,正面
294,使用体验,挺水润服帖的,使用体验,正面
294,颜色,稍微白了点接近自然色,其他,中性
294,颜色,爱白的美眉们建议选亮白色,其他,正面
294,赠品,还送了个替换芯,其他,正面
295,_,_,_,_
296,_,很好用,整体,正面
296,_,送很多东西,服务,正面
297,_,_,_,_
298,赠品,忽悠骗人的,其他,负面
298,_,建议还是实体店买,其他,正面
298,_,最优惠,价格,正面
299,面膜,不错,整体,正面
299,面膜,很服帖,使用体验,正面
299,_,物流也很快,物流,正面
300,_,棒,整体,正面
300,物流,当天买当天就能送到,物流,正面
300,_,小贵,价格,负面
301,使用体验,洗后皮肤不干燥,使用体验,正面
301,使用体验,摸起来滑滑的,使用体验,正面
302,_,真好,整体,正面
302,外包装,走鸡,包装,负面
303,使用体验,脸上很舒服,使用体验,正面
304,_,不错,整体,正面
305,_,体面的,整体,正面
305,_,很喜欢,整体,正面
305,_,送了小礼品,服务,正面
306,价格,实惠,价格,正面
307,_,_,_,_
308,_,不错,整体,正面
309,快递,真快,物流,正面
309,镜子,太模糊了,整体,负面
310,粉底,太少了,其他,负面
310,粉底,很少干干的,其他,负面
311,_,_,_,_
312,气味,很香,气味,正面
312,_,很白,使用体验,正面
312,_,还可以吧,整体,中性
313,遮瑕效果,不错,功效,正面
313,提亮肤色,不错,功效,正面
314,_,_,_,_
315,_,挺好,整体,正面
315,_,相当实惠,价格,正面
316,_,很好,整体,正面
316,_,漂亮,整体,正面
317,尺寸,太小了,尺寸,负面
317,尺寸,盖不住,尺寸,负面
317,成分,太少了吧,成分,负面
317,成分,不够用,成分,负面
318,_,_,_,_
319,真伪,是正品,真伪,正面
319,价格,一样,价格,中性
319,_,没有赠品,其他,负面
320,整体,很好,整体,正面
320,保湿,不错,功效,正面
320,价格,合适,价格,正面
321,物流,超快的速度,物流,正面
322,价格,物美价廉,价格,正面
322,价格,比双11贵,价格,负面
322,价格,不能保价,价格,负面
323,包装,很好看,包装,正面
324,补水效果,很好,功效,正面
324,面膜,很薄,其他,负面
325,_,价格太高,价格,负面
326,保湿效果,很好,功效,正面
327,_,_,_,_
328,_,_,_,_
329,_,一如既往的好,整体,正面
329,_,一直用这个牌子,整体,正面
329,_,不错,整体,正面
330,整体,真的不错,整体,正面
330,隔离,从未换过,其他,正面
331,效果,还看不出来,功效,中性
331,服帖,很服帖,使用体验,正面
331,服帖,超服帖,使用体验,正面
332,_,很不错,整体,正面
332,颜色,有点淡,其他,负面
333,_,_,_,_
334,味道,好闻,气味,正面
334,保湿效果,好,功效,正面
335,_,不错,整体,正面
335,物流,很快,物流,正面
336,保湿,很保湿,功效,正面
336,肤质,油性皮肤,其他,中性
336,肤质,有点油,其他,负面
336,提亮肤色,不提亮肤色,功效,负面
336,_,用了一星期出闲鱼,整体,负面
337,整体,很好,整体,正面
337,物流,不错,物流,正面
338,整体,给力,整体,正面
338,价格,和~的价钱一样,价格,中性
338,速度,比~的速度要快,使用体验,正面
338,_,第一次用这个,其他,中性
339,_,_,_,_
340,隔离霜,不错,整体,正面
340,_,很快,物流,正面
341,_,很好,整体,正面
341,_,很喜欢,整体,正面
342,滋润度,非常滋润,使用体验,正面
342,质地,一点不干也不油腻,使用体验,正面
342,效果,很自然,使用体验,正面
342,_,送了两个替换装,包装,正面
343,泡沫,很多,其他,正面
343,_,挺滋润的,使用体验,正面
343,_,超级划算,价格,正面
344,_,很实惠,价格,正面
344,_,发货速度快,物流,正面
345,温和洗后不紧绷,最大的好处,使用体验,正面
346,包装,超级高,包装,正面
346,物流,超级快,物流,正面
347,价格,非常平价,价格,正面
347,_,补水不错,功效,正面
348,气味,一股子酒精味,气味,负面
349,_,还不错,整体,正面
350,使用体验,洗完了之后，脸上会出现白白的，会掉皮，感觉也没啥效果,使用体验,负面
351,_,还不错,整体,正面
352,_,_,_,_
353,_,_,_,_
354,_,还算可以,整体,中性
355,持久性,可以,使用体验,正面
356,味道,很好闻,气味,正面
356,_,也还好,使用体验,中性
357,整体,还不错,整体,正面
357,价格,实惠,价格,正面
358,保湿效果,非常好,功效,正面
359,替换装,送了一个,其他,中性
359,替换装,不是都送了两个,其他,负面
359,替换装,只有一个,其他,负面
360,面膜,很薄,其他,负面
360,面膜,很水润,使用体验,正面
360,_,不过敏,真伪,正面
360,_,方便快捷,服务,正面
361,_,不错,整体,正面
361,_,清爽不油腻,整体,正面
362,气味,淡淡的像黄瓜的味道,气味,正面
362,_,挺好用的,整体,正面
363,_,_,_,_
364,整体,不错,整体,正面
365,_,_,_,_
366,物流,很给力,物流,正面
367,_,_,_,_
368,面膜,挺好的,整体,正面
368,片数,超多,尺寸,正面
368,_,希望有好的效果,功效,正面
369,_,挺好用的,整体,正面
370,_,货真价实,整体,正面
371,_,挺好用的,整体,正面
372,物流,快,物流,正面
372,颜色,好,其他,正面
372,_,物超所值,价格,正面
372,_,非常值得购买,整体,正面
372,赠品,与正品一样,真伪,正面
373,包装,很好,包装,正面
373,物流,很快,物流,正面
373,面膜,不错,使用体验,正面
373,铝盒,送了,包装,正面
373,价格,物美价廉,价格,正面
374,快递,好快,物流,正面
375,_,_,_,_
376,物流,快,物流,正面
377,_,_,_,_
378,_,_,_,_
379,保湿,很保湿,功效,正面
379,_,很棒,整体,中性
379,包装,快递速度很快,物流,正面
379,物流,速度快,物流,正面
379,_,快递速度慢,物流,负面
380,提亮效果,还不错,功效,正面
380,_,送了,服务,正面
380,_,谢谢,服务,正面
381,新鲜度,新鲜的,新鲜度,正面
382,_,不错,整体,正面
383,_,很好用,整体,正面
383,_,赞,整体,正面
384,使用体验,还行,使用体验,中性
384,使用体验,比较自然,使用体验,正面
385,味道,香香的,气味,正面
385,快递,很给力,物流,正面
386,面膜,很服帖,使用体验,正面
386,面膜,很滋润,使用体验,正面
387,_,很好用,整体,正面
388,控油效果,没话说,功效,正面
388,_,好用,整体,正面
389,_,质量好,整体,正面
389,_,很喜欢,整体,正面
390,使用体验,超级润,使用体验,正面
390,使用体验,喜欢天然的,使用体验,正面
390,_,反馈不错,整体,正面
391,_,_,_,_
392,_,还好,整体,中性
393,产品,好用,整体,正面
393,价格,实惠,价格,正面
393,产品,轻薄不油腻,使用体验,正面
393,产品,容易上妆,使用体验,正面
394,质地,保湿滋润,使用体验,正面
394,香味,淡淡,气味,正面
394,_,值得回购,整体,正面
394,_,推荐,整体,正面
395,_,很好用,整体,正面
395,_,很喜欢,整体,正面
396,使用体验,好干净,使用体验,正面
396,使用体验,不紧绷,使用体验,正面
397,_,_,_,_
398,保湿效果,确实不错,功效,正面
399,物流,光物流走了20多天,物流,负面
400,物流,很给力,物流,正面
400,包装,很好,包装,正面
400,_,还可以,整体,中性
401,_,_,_,_
402,_,挺好,整体,正面
402,_,好用,整体,正面
403,使用体验,非常舒服,使用体验,正面
403,使用体验,不会特别拔干,使用体验,正面
404,_,好,整体,正面
404,_,很好,整体,正面
404,_,非常好,整体,正面
404,_,非常非常好,整体,正面
405,_,超级好用,整体,正面
405,_,很划算,价格,正面
406,盖子,盖不上,其他,负面
406,_,差,整体,负面
407,_,_,_,_
408,补水效果,相当不错,功效,正面
408,精华液,特别多,成分,正面
409,_,_,_,_
410,_,物美价廉,整体,正面
411,面膜,感觉不错,整体,正面
411,面膜,非常清爽不油腻,使用体验,正面
412,物流,很快,物流,正面
413,价格,实惠,价格,正面
414,整体,很划算,整体,正面
414,整体,非常实用,整体,正面
415,_,非常喜欢,整体,正面
415,真伪,正品,真伪,正面
416,_,非常好用,整体,正面
416,_,连续买了好几次了,整体,正面
416,_,继续支持,整体,正面
417,_,挺好,整体,正面
417,_,挺好用的,整体,正面
417,_,价格实惠,价格,正面
418,真伪,正品,真伪,正面
418,整体,很不错,整体,正面
418,整体,可以用很久了,整体,正面
419,_,很不错,整体,正面
419,_,方便,使用体验,正面
420,尺寸,看着很小,尺寸,负面
421,_,_,_,_
422,_,非常不错,整体,正面
423,整体,非常适合我,整体,正面
424,面膜,蛮好的,整体,正面
424,精华,挺多的,成分,正面
425,效果,挺好,功效,正面
425,味道,好闻,气味,正面
425,_,感觉不错,整体,正面
426,物流,速度不错,物流,正面
427,_,物美价廉,整体,正面
427,_,便宜实惠,价格,正面
427,_,补个水还是可以的,功效,正面
428,气味,酒精味浓,气味,负面
429,服务,不错,服务,正面
430,_,喜欢,整体,正面
430,_,好评,整体,正面
431,使用体验,比较清爽,使用体验,正面
431,_,不油腻,使用体验,正面
431,物流,物流快,物流,正面
431,_,第二天就到了,物流,正面
432,_,_,_,_
433,物流,超级给力非常快,物流,正面
433,_,实用非常不错吧,使用体验,正面
434,_,_,_,_
435,_,很好用,整体,正面
436,_,很好用,整体,正面
436,_,第二次购买,整体,正面
437,_,挺不错的,整体,正面
438,_,很不错,整体,正面
438,_,好用,整体,正面
439,_,不油腻,使用体验,正面
439,_,有点贵,价格,负面
440,_,_,_,_
441,价格,可以接受,价格,正面
442,洗面奶,很好用,整体,正面
442,洗面奶,洗的很干净,使用体验,正面
442,洗面奶,不紧绷,使用体验,正面
443,_,_,_,_
444,_,超级大赞,整体,正面
444,_,超级划算,价格,正面
445,皮肤,细腻白皙,使用体验,正面
445,味道,好闻,气味,正面
446,_,很喜欢用,整体,正面
446,_,买了好几次,整体,正面
447,面膜,非常好用,整体,正面
447,精华,很多,成分,正面
447,_,超棒,使用体验,正面
448,_,买一送一个,其他,正面
448,物流,很快,物流,正面
449,_,_,_,_
450,_,喜欢,整体,正面
450,_,五分好评,整体,正面
451,_,还可以吧,整体,中性
451,_,挺补水的,功效,正面
452,_,不错,整体,正面
452,_,很好用,整体,正面
453,保质期,稍短了些,新鲜度,负面
454,物流,很快,物流,正面
454,_,还行,整体,中性
454,_,显白,功效,正面
454,_,有点干,使用体验,负面
455,_,_,_,_
456,质量,很好,整体,正面
456,物流,速度快,物流,正面
457,物流,很快,物流,正面
458,隔离效果,好,功效,正面
458,温和,不刺激,使用体验,正面
458,易卸,易卸,使用体验,正面
459,物流,挺快的,物流,正面
460,_,挺好用的,整体,正面
461,_,效果很好,整体,正面
462,_,很喜欢,整体,正面
463,_,感觉不错,整体,正面
464,真伪,不像正品,真伪,负面
464,液体,太稀,其他,负面
465,物流,蛮快的,物流,正面
466,化学物质,太多,成分,负面
467,产品,还不错,整体,正面
467,_,有淡淡的香味,气味,正面
467,_,有小样送,其他,正面
467,配送人员服务态度,好,服务,正面
468,_,特别好用,整体,正面
468,_,很喜欢,整体,正面
468,_,值得信赖,整体,正面
469,洗面奶,柔和多泡,整体,正面
469,洗面奶,保湿不干,使用体验,正面
469,洗面奶,很喜欢,整体,正面
470,_,挺好用的,整体,正面
471,快递,杠杠滴,物流,正面
472,真伪,是正品,真伪,正面
472,使用体验,特好用,使用体验,正面
473,使用体验,刺痛,使用体验,负面
474,_,还不错,整体,正面
475,_,还不错,整体,正面
475,_,很补水,功效,正面
476,价格,很划算,价格,正面
477,_,_,_,_
478,快递,给快递小哥万个赞,物流,正面
479,_,有赠品,其他,中性
480,气味,香味闻起很舒服,气味,正面
481,_,_,_,_
482,上妆效果,干,使用体验,负面
482,_,差,整体,负面
483,物流,快,物流,正面
484,_,真心不错,整体,正面
484,_,值得购买,整体,正面
485,吸收,挺快的,使用体验,正面
486,_,不好,整体,负面
486,_,过敏,其他,负面
487,_,挺好,整体,正面
488,服务态度,很好,服务,正面
488,肌肤,水水的,使用体验,正面
488,_,挺好,整体,正面
489,_,_,_,_
490,_,不错,整体,正面
490,_,超值,整体,正面
491,_,特别好,整体,正面
491,_,值得购买,整体,正面
491,_,非常喜欢,整体,正面
491,_,下次还会买,整体,正面
492,包装,破烂,包装,负面
493,整体,很好很好,整体,正面
493,包装,不错,包装,正面
493,物流,快,物流,正面
493,气味,淡淡的香味,气味,正面
493,使用体验,容易上色,使用体验,正面
493,使用体验,很自然,使用体验,正面
493,使用体验,不会浮粉,使用体验,正面
493,价格,合理,价格,正面
494,价格,便宜,价格,正面
495,_,_,_,_
496,_,_,_,_
497,_,_,_,_
498,_,_,_,_
499,包装,漏发了一瓶,物流,负面
499,_,感觉还不错,整体,正面
499,_,已经开的一瓶懒得去拍了,其他,中性
500,真伪,正品,真伪,正面
500,_,很好,整体,正面
501,_,黏黏的,使用体验,负面
501,_,涂着不舒服,使用体验,负面
501,气味,酒精味重,气味,负面
502,_,_,_,_
503,_,好用,整体,正面
504,使用体验,很好用,使用体验,正面
504,使用体验,有点油腻泛白,使用体验,负面
504,_,还不错,整体,正面
505,_,_,_,_
506,_,_,_,_
507,_,_,_,_
508,保湿效果,不错,功效,正面
508,粉质,细腻,其他,正面
509,真伪,是正品,真伪,正面
509,_,比实体店便宜,价格,正面
510,_,不错,整体,正面
510,_,喜欢,整体,正面
511,尺寸,很大,尺寸,正面
512,_,还不错,整体,正面
512,_,很,整体,正面
513,_,_,_,_
514,使用体验,清清爽爽不油腻,使用体验,正面
514,_,很好用,整体,正面
514,_,图个打底,整体,中性
515,包装,很满意,包装,正面
515,物流,很快,物流,正面
515,使用体验,很好用,使用体验,正面
516,包装,跟专柜有点不一样,包装,中性
516,_,比较优惠,价格,正面
516,物流,快,物流,正面
516,配送员服务,好,服务,正面
517,_,好用,整体,正面
517,_,一直用,整体,正面
518,贴敷感,挺好的,使用体验,正面
518,_,很实惠,价格,正面
519,_,真棒,整体,正面
519,_,满意,整体,正面
520,包装,不好,包装,负面
521,水,很多,其他,负面
522,泡沫,很爱起泡沫,使用体验,正面
522,泡沫,很细腻,使用体验,正面
522,_,味道很好闻,气味,正面
522,_,是正品,真伪,正面
523,真伪,假的,真伪,负面
523,_,都订不了妆,使用体验,负面
523,_,防不了水,使用体验,负面
524,气味,一股塑料味,气味,负面
525,_,_,_,_
526,_,很喜欢,整体,正面
527,尺寸,好大,尺寸,正面
527,_,可以用好久了,整体,正面
527,使用体验,很方便,使用体验,正面
528,_,没有什么用,整体,负面
528,_,不敢用,整体,负面
529,味道,很好,气味,正面
529,_,容易推开,使用体验,正面
529,_,期待效果,功效,中性
530,_,便宜,价格,正面
530,_,买一送二,价格,正面
530,_,很好的啊,整体,正面
530,_,不过敏,使用体验,正面
530,_,好用,使用体验,正面
531,_,_,_,_
532,祛痘印效果,不错,功效,正面
532,_,高些,价格,负面
533,性价比,不错,整体,正面
533,价格,实惠,价格,正面
534,_,挺好,整体,正面
534,_,用起来也方便,使用体验,正面
535,_,好评,整体,正面
536,_,垃圾,整体,负面
537,颜色,不是很白,其他,负面
537,味道,可以,气味,中性
537,清洁效果,很难洗下去,使用体验,负面
538,_,_,_,_
539,整体,不错,整体,正面
539,遮暇,一般,使用体验,负面
540,功效,没什么效果,功效,负面
541,_,不错,整体,正面
541,_,挺好的,整体,正面
542,补水保湿,清爽不油腻,功效,正面
543,价格,降价,价格,负面
544,_,挺好用的,整体,正面
545,包装,很简陋,包装,负面
546,补水效果,不错,功效,正面
547,_,_,_,_
548,_,很满意,整体,正面
548,_,很实惠,价格,正面
549,_,感谢,物流,正面
550,物流,值得信赖,物流,正面
550,产品,满意,整体,正面
551,_,不好,整体,负面
551,_,会过敏,其他,负面
551,清洁能力,差,功效,负面
551,香味,太浓,气味,负面
552,价格,物廉价美,价格,正面
552,_,优惠,价格,正面
553,_,讨厌,其他,负面
554,使用体验,很好用,使用体验,正面
554,使用体验,不卡粉,使用体验,正面
554,使用体验,上装很自然,使用体验,正面
554,整体,紫色的上装皮肤明显白了一个度,整体,正面
554,使用体验,滑滑的,使用体验,正面
554,使用体验,很喜欢,使用体验,正面
555,_,还不错,整体,正面
555,_,挺滋润,使用体验,正面
556,包装,很精致,包装,正面
557,快递,很快,物流,正面
557,面膜,很好,使用体验,正面
557,_,放心购买,整体,正面
557,_,极力推荐,整体,正面
558,面膜,很好用,使用体验,正面
559,_,不错,整体,正面
560,气垫,做的不好,使用体验,负面
560,气垫,不好用,使用体验,负面
561,精华,很多,成分,正面
561,精华,很舒服,使用体验,正面
562,_,_,_,_
563,_,_,_,_
564,_,_,_,_
565,_,感觉不错,整体,正面
565,_,够买,整体,正面
566,整体,还可以,整体,中性
566,包装,不错,包装,正面
567,_,不怎么的好,整体,负面
568,_,挺好,整体,正面
568,_,蛮好用,整体,正面
568,味道,大点,气味,负面
568,_,其他都不错,整体,正面
569,颜色,不是很白,其他,负面
569,遮瑕效果,不是遮暇的,功效,负面
569,_,太差劲了,整体,负面
570,气味,味道比较大,气味,负面
570,_,不适合我的肤色,整体,负面
570,_,有点太白了,整体,负面
571,_,_,_,_
572,使用体验,不好用,使用体验,负面
572,使用体验,没有泡泡,使用体验,负面
572,使用体验,感觉洗不干净,使用体验,负面
572,气味,味道很大,气味,负面
573,产品,很好,整体,正面
573,效果,不错,功效,正面
573,气味,清香,气味,正面
574,_,好划算,价格,正面
574,_,无限回购,整体,正面
575,_,不敢用,整体,负面
576,_,_,_,_
577,使用体验,泡沫细腻,使用体验,正面
577,使用体验,温和不刺激,使用体验,正面
577,功效,清洁能力强,功效,正面
577,_,还会回购,整体,正面
577,_,大爱,整体,正面
577,使用体验,非常好用,使用体验,正面
578,干皮,千万别买,其他,负面
578,_,挺干的,使用体验,负面
578,_,持妆效果还可以,使用体验,正面
579,_,特别好用,整体,正面
580,服务,店家很有心,服务,正面
580,包装,包的很好,包装,正面
580,整体,东西不错,整体,正面
581,_,挺不错,整体,正面
581,_,没用,整体,负面
582,保湿效果,很好,功效,正面
583,_,很满意,整体,正面
583,_,非常高兴,整体,正面
583,_,看着很不错,整体,正面
584,透气,好,使用体验,正面
585,包装,粗糙,包装,负面
585,包装,能看见旁边胶水痕迹,包装,负面
585,包装,有些味儿,包装,负面
585,产品,还没挤已留流出来,使用体验,负面
585,产品,油腻感觉,使用体验,负面
585,产品,当洗手液用吧,使用体验,中性
586,_,很好,整体,正面
586,_,很喜欢,整体,正面
586,_,信任,整体,正面
587,_,_,_,_
588,上妆效果,挺香的,使用体验,正面
588,持久情况,还好,使用体验,中性
588,适合肤质,干皮,使用体验,中性
589,_,正品,真伪,正面
590,补水效果,好,功效,正面
590,_,好用,整体,正面
590,_,特别润,使用体验,正面
590,_,每天用,使用体验,中性
590,_,不心疼,价格,正面
591,包装,高大上,包装,正面
591,包装,太土了,包装,负面
592,皮肤,不刺激,使用体验,正面
593,颜值,高啊,其他,正面
593,包装,很漂亮,包装,正面
593,_,看一眼就喜欢上,整体,正面
593,尺寸,25毫升一片,尺寸,中性
594,保湿效果,不错,功效,正面
595,物流,速度飞快,物流,正面
595,产品,挺细腻,使用体验,正面
595,_,希望有效果,整体,中性
596,_,_,_,_
597,_,_,_,_
598,_,不敢用,使用体验,负面
599,隔离效果,不好,功效,负面
600,_,挺好的,整体,正面
601,_,喜欢,整体,正面
601,_,不油腻,使用体验,正面
601,_,细腻均匀,使用体验,正面
601,_,很自然,使用体验,正面
601,_,大爱,整体,正面
602,_,还不错,整体,正面
602,_,很自然,气味,正面
602,_,很香,气味,正面
602,_,有赠品,服务,正面
602,_,下次还会购买,整体,正面
603,_,便宜没好货,整体,负面
604,保湿效果,真的不错呢,功效,正面
604,面膜,很舒服,使用体验,正面
604,用起来,感觉真心不错,使用体验,正面
605,产品,非常不错,整体,正面
605,产品,气色很自然,使用体验,正面
605,产品,保湿,使用体验,正面
606,使用体验,好用,使用体验,正面
606,使用体验,自然,使用体验,正面
606,使用体验,耐用,使用体验,正面
607,_,非常好,整体,正面
607,_,非常快,物流,正面
607,_,非常值,价格,正面
608,_,_,_,_
609,面膜,挺好,整体,正面
609,面膜,很补水,功效,正面
609,精华,很多,其他,正面
609,_,价格实惠,价格,正面
610,_,超级好,整体,正面
610,精华,少了点,成分,负面
610,_,很好闻,整体,正面
610,_,喜欢,整体,正面
611,包装,非常好,包装,正面
612,_,不知道真假,真伪,负面
612,_,价格有点贵,价格,负面
613,_,没用呢还,整体,负面
613,_,应该还不错,整体,正面
614,_,不错,整体,正面
614,_,超级好用,整体,正面
614,_,都说好用,整体,正面
615,_,感觉还可以,整体,中性
615,_,味道好闻,气味,正面
616,整体,还不错,整体,正面
617,_,_,_,_
618,价格,好划算,价格,正面
618,补水效果,挺好的,功效,正面
618,_,值得购买,整体,正面
619,使用体验,不好用,使用体验,负面
619,使用体验,浮粉严重,使用体验,负面
620,_,_,_,_
621,外包装,挺好看的,包装,正面
621,外装,有点偏粉,包装,负面
621,里面,紫色的,包装,中性
622,_,特优惠,价格,正面
622,_,值得购买,整体,正面
623,保湿效果,非常好,功效,正面
624,_,不错,整体,正面
625,_,_,_,_
626,_,很好用,整体,正面
626,_,洗完脸不干,使用体验,正面
627,气味,香味浓郁,气味,正面
627,功效,一会就淡化了,功效,负面
627,使用体验,跟没抹没啥区别,使用体验,负面
627,真伪,水货,真伪,负面
627,整体,白白浪费我的钱,整体,负面
628,价格,物美价廉,价格,正面
628,物流,非常满意,物流,正面
629,_,速度那叫一个快,物流,正面
629,_,东西也是很不错的,整体,正面
630,物流,快捷给力,物流,正面
630,包装,到位严实,包装,正面
630,_,一直使用,整体,正面
631,包装,让我不得不怀疑是不是正品,真伪,负面
632,_,特别服帖,使用体验,正面
632,_,一点也不干,使用体验,正面
632,_,轻薄透气,使用体验,正面
633,价格,便宜很多,价格,正面
634,尺寸,好小,尺寸,负面
634,尺寸,量太少了,尺寸,负面
635,气味,没有刺鼻的味道,气味,正面
635,气味,香香的,气味,正面
635,使用体验,洗过后不紧绷,使用体验,正面
635,整体,没有紫色那款洗面奶好用,整体,负面
636,颜色,买深了,其他,负面
636,_,不错,整体,正面
636,_,拔干,使用体验,负面
636,遮瑕,一般,使用体验,负面
637,_,很好,整体,正面
637,_,非常好,整体,正面
637,_,越来越好,整体,正面
637,_,加油,整体,正面
638,物流,速度快,物流,正面
638,服务,服务好,服务,正面
638,_,水水的润润的,使用体验,正面
639,_,_,_,_
640,水润度,还不错,使用体验,正面
641,_,_,_,_
642,_,_,_,_
643,_,还不错,整体,正面
643,_,值得购买,整体,正面
644,_,用后体验不错,使用体验,正面
645,使用体验,过敏,使用体验,负面
646,_,非常喜欢,整体,正面
647,_,正品,真伪,正面
647,_,不错,整体,正面
648,使用体验,很舒服,使用体验,正面
649,包装,没封口,包装,负面
649,_,操控不严,整体,负面
649,_,买者慎重,整体,负面
649,_,不会买,整体,负面
650,整体,很好啊,整体,正面
651,_,真心好用,整体,正面
651,_,提亮了我的皮肤,功效,正面
652,_,_,_,_
653,泡沫,丰富,使用体验,正面
653,清洁力,强,使用体验,正面
653,气味,淡香,气味,正面
654,_,挺好用的,整体,正面
654,_,很划算,价格,正面
655,味道,淡淡的,气味,中性
655,泡沫,不起沫,使用体验,负面
655,口感,有点滑,使用体验,中性
656,_,_,_,_
657,_,挺好用的,整体,正面
657,保湿效果,不错,功效,正面
657,睡眠面膜,挺好的,使用体验,正面
658,保湿,挺,功效,正面
658,_,不怎么干,其他,中性
658,_,送了替换装,其他,正面
659,_,_,_,_
660,真伪,正品,真伪,正面
661,_,_,_,_
662,包装,很好,包装,正面
662,尺寸,挺大,尺寸,正面
662,_,快,物流,正面
663,_,很好,整体,正面
663,_,非常不错,整体,正面
664,泡沫,多,使用体验,正面
664,保湿,保湿,使用体验,正面
665,_,便宜没好货,整体,负面
665,_,没味儿了,整体,负面
666,保湿效果,很好,功效,正面
666,_,优惠,价格,正面
667,_,很好用,整体,正面
668,整体,很棒的呢,整体,正面
668,物流,快,物流,正面
669,_,_,_,_
670,_,很不错,整体,正面
670,_,满意,整体,正面
671,物流,挺快的,物流,正面
671,包装,看得挺大,包装,负面
671,尺寸,实际就是两瓶小样,尺寸,负面
672,面膜,好用,整体,正面
672,补水效果,棒,功效,正面
672,精华,比较多,成分,正面
672,_,不错,整体,正面
672,_,推荐购买,整体,正面
673,整体,很好,整体,正面
673,_,满意,整体,正面
674,价格,便宜一些,价格,正面
674,气味,还好,气味,中性
675,_,不好用,整体,负面
676,_,很划算,价格,正面
676,_,很舒服,使用体验,正面
677,质量,好,整体,正面
677,效果,好,功效,正面
677,使用,方便,使用体验,正面
677,包装,完整,包装,正面
677,价格,实惠,价格,正面
677,快递,快,物流,正面
677,赠品,多,其他,正面
678,价格,划算,价格,正面
679,_,_,_,_
680,保湿,还行,功效,中性
680,_,优惠,价格,正面
681,物流,超快,物流,正面
681,快递,超级暖心,服务,正面
682,_,超值,整体,正面
682,_,够用一年,整体,正面
683,_,_,_,_
684,轻薄,轻薄,使用体验,正面
684,不浮粉,不浮粉,使用体验,正面
684,_,值得推荐,整体,正面
685,_,还行,整体,中性
685,_,比较粘,其他,负面
685,_,便宜,价格,正面
686,使用体验,挺好用的,使用体验,正面
686,功效,遮瑕效果不错,功效,正面
686,颜色,颜色也很提亮,其他,正面
686,_,不错的宝贝,整体,正面
686,_,以后还会再来的,整体,正面
687,_,非常好,整体,正面
687,_,很薄,尺寸,正面
687,_,很舒服,使用体验,正面
687,_,说好,其他,正面
688,_,_,_,_
689,_,很好,整体,正面
689,_,很优惠,价格,正面
689,_,很好用,使用体验,正面
690,_,还不错,整体,正面
691,物流,很快,物流,正面
691,东西,不错,整体,正面
691,_,值得推荐,整体,正面
692,物流,快,物流,正面
692,_,不错,整体,正面
693,_,_,_,_
694,_,又便宜又好用,整体,正面
695,_,特别好用,整体,正面
695,价格,便宜一点点,价格,正面
696,价格,实惠,价格,正面
697,包装,很精致,包装,正面
697,_,挺好的,整体,正面
698,肤质,改善,功效,正面
698,上妆,贴,使用体验,正面
699,_,5星好评,整体,正面
700,_,不好用,整体,负面
700,_,失望,整体,负面
701,瓶子,超级好看,其他,正面
702,_,很好,整体,正面
702,_,很不错,整体,正面
702,_,好评,整体,正面
703,_,划算很多,价格,正面
703,_,还可以,整体,中性
704,_,假的,真伪,负面
704,气味,臭塑料味,气味,负面
704,海绵垫,弄到脸上,使用体验,负面
705,物流,快,物流,正面
706,补水效果,不错,功效,正面
706,物流,挺快,物流,正面
707,_,_,_,_
708,_,还不错,整体,正面
709,使用体验,感觉很好,使用体验,正面
709,使用体验,很服贴,使用体验,正面
709,精华液,很卵,其他,负面
709,整体,比想象的还要好,整体,正面
710,补水效果,没有芦荟胶好,功效,负面
711,_,很划算,价格,正面
712,物流,很快,物流,正面
712,商品,好,整体,正面
713,整体,挺好用,整体,正面
713,_,卸的挺干净,使用体验,正面
714,_,_,_,_
715,_,不错,整体,正面
715,物流,超快,物流,正面
715,_,很棒,整体,正面
716,功效,还不错,功效,正面
717,泡沫,细腻,使用体验,正面
717,_,凉凉,使用体验,负面
717,_,滑滑滴,使用体验,正面
717,_,还算满意,整体,正面
718,_,挺好,整体,正面
718,_,推荐购买,整体,正面
719,_,不好,整体,负面
719,_,脸过敏了,使用体验,负面
720,_,超实惠,价格,正面
720,_,也不油腻,使用体验,正面
720,_,挺好,整体,正面
720,_,美白效果不错,功效,正面
721,_,不错,整体,正面
722,使用体验,洗完后肌肤清爽,使用体验,正面
722,使用体验,用了脸长痘痘,使用体验,负面
723,_,_,_,_
724,_,还不错,整体,正面
725,_,挺好用的,整体,正面
725,_,不过敏,使用体验,正面
725,_,下次还会买,整体,正面
726,_,快,物流,正面
726,_,正品,真伪,正面
726,_,便宜,价格,正面
727,隔离霜,很好用,整体,正面
728,精华,少了点,成分,负面
729,_,很好用,整体,正面
730,_,真心的不错,整体,正面
730,_,还送了面膜和卸妆水,其他,正面
731,控油效果,不怎么控油,功效,负面
731,使用体验,洗完头发有点涩,使用体验,负面
731,使用体验,不好梳通,使用体验,负面
732,整体,很不错,整体,正面
732,_,明显皮肤变好了,功效,正面
732,_,很喜欢,使用体验,正面
733,_,_,_,_
734,整体,性价比高,整体,正面
735,_,便宜,价格,正面
735,_,买一盒送一盒,价格,正面
735,_,很划算,价格,正面
735,_,感觉还不错,使用体验,正面
735,_,还行,整体,中性
736,物流,挺快,物流,正面
737,_,差评,整体,负面
737,_,降价12,价格,负面
737,_,一天一个价,价格,负面
737,_,以后都不来买了,整体,负面
738,水分,很足,成分,正面
738,用着,很不错,使用体验,正面
738,物流,快,物流,正面
738,价格,实惠,价格,正面
739,_,非常喜欢,整体,正面
739,_,很满意,整体,正面
740,_,挺满意的,整体,正面
741,补水效果,不错,功效,正面
742,物流,很快,物流,正面
742,价格,很划算,价格,正面
742,_,用的好,使用体验,正面
742,_,下次再买,整体,正面
743,个人情况,好用,使用体验,正面
743,清洁能力,好用,使用体验,正面
744,_,很不错啊,整体,正面
744,味道,好闻,气味,正面
744,_,真的很棒,整体,正面
745,整体,挺好用的,整体,正面
745,使用体验,用了肤色比较好,使用体验,正面
746,整体,不错,整体,正面
746,功效,好,功效,正面
747,物流,挺快,物流,正面
748,防晒,有那么一丢丢的油,使用体验,负面
748,防晒,挺好推开的,使用体验,正面
748,防晒效果,不太清楚,功效,中性
749,_,_,_,_
750,_,_,_,_
751,物流,非常快,物流,正面
751,服务,好,服务,正面
751,整体,不错,整体,正面
751,价格,性价比很高,价格,正面
752,_,还好,整体,中性
752,_,蛮清爽,整体,正面
753,_,给力,整体,正面
753,价格,便宜,价格,正面
753,物流,速度快,物流,正面
753,_,购物体验感好,使用体验,正面
753,_,很喜欢,整体,正面
754,_,就那回事,整体,中性
754,_,还行,整体,中性
755,_,很快,物流,正面
755,_,很方便,服务,正面
755,_,实惠,价格,正面
755,_,很好,整体,正面
755,_,ok,整体,正面
756,_,_,_,_
757,_,好用,整体,正面
757,_,效果一样,整体,中性
758,物流,超级快,物流,正面
758,_,质量也是杠杠滴,整体,正面
758,_,用起来感觉很不错,使用体验,正面
758,_,棒棒哒,整体,正面
759,_,_,_,_
760,_,_,_,_
761,_,_,_,_
762,_,温和不刺激,使用体验,正面
762,包装,很好,包装,正面
762,_,质量不错,整体,正面
763,_,_,_,_
764,_,还行,整体,中性
765,物流,很快,物流,正面
765,_,超级好听,整体,正面
765,_,很不错的,整体,正面
766,_,超级赞,整体,正面
766,_,很值,价格,正面
767,_,好用,整体,正面
768,_,_,_,_
769,颜色,白的比黑的好用些,其他,正面
770,气味,喜欢,气味,正面
770,_,很喜欢,整体,正面
770,_,以后还会光顾的,整体,正面
771,物流,很快,物流,正面
771,隔离效果,很棒,功效,正面
772,价格,降价,价格,负面
772,_,生气,整体,负面
773,提亮肤色,满分,功效,正面
773,_,真的太棒了,整体,正面
773,_,大爱,整体,正面
774,_,_,_,_
775,价格,实惠,价格,正面
775,质量,有保障,其他,正面
775,服务,好,服务,正面
775,物流,快,物流,正面
776,_,不好用,整体,负面
776,气味,特别刺鼻,气味,负面
776,气味,难闻到爆,气味,负面
777,_,_,_,_
778,洗面奶,一点都不好,整体,负面
778,洗面奶,跟水一样,使用体验,负面
778,洗面奶,有一股味道,气味,负面
778,_,便宜,价格,负面
778,_,好货不便宜,价格,正面
779,保湿效果,很好,功效,正面
780,自然,自然,使用体验,正面
780,颜色,喜欢,其他,正面
780,味道,喜欢,气味,正面
781,价格,便宜,价格,正面
782,_,真心不错,整体,正面
783,补水效果,很不错的,功效,正面
783,皮肤,好了很多,使用体验,正面
784,补水效果,挺不错的,功效,正面
784,_,很愉快,整体,正面
784,快递,就是快,物流,正面
785,整体,挺好,整体,正面
785,整体,挺喜欢,整体,正面
785,外观,很好看,其他,正面
785,使用体验,挺舒服,使用体验,正面
785,整体,感觉不错,整体,正面
786,_,_,_,_
787,_,_,_,_
788,_,还不错,整体,正面
788,物流,速度很快,物流,正面
788,_,希望能有礼品袋,包装,负面
789,_,挺好用的,整体,正面
790,_,便宜没好货,整体,负面
791,打底,不错,使用体验,正面
791,_,不是太干,其他,负面
792,_,太苍白了些,整体,负面
793,气味,很好闻,气味,正面
793,_,很好用,使用体验,正面
793,_,会推荐给朋友,整体,正面
794,_,过敏,其他,负面
795,味道,香香的,气味,正面
795,外观,特别漂亮,其他,正面
796,补水效果,真的好,功效,正面
796,物流,很快,物流,正面
796,_,非常满意,整体,正面
797,_,_,_,_
798,物流,快,物流,正面
799,效果,很不错得,功效,正面
799,补水,不错,功效,正面
799,祛斑,效果不大,功效,负面
800,_,_,_,_
801,盒子,很好看,包装,正面
802,效果,很好,功效,正面
802,香味,淡淡的,气味,正面
802,_,美丽,价格,正面
803,化妆品,很好很舒服,使用体验,正面
804,包装,跟专柜有点不一样,包装,负面
804,价格,比较优惠,价格,正面
804,物流,快,物流,正面
804,服务,好,服务,正面
805,价格,实惠,价格,正面
806,_,挺好用的,整体,正面
806,_,应该还可以吧,整体,中性
807,_,挺合适的,整体,正面
807,_,没有**的活动给力,价格,负面
808,_,很好,整体,正面
809,_,_,_,_
810,_,很好,整体,正面
810,_,喜欢,整体,正面
810,_,淡淡的味道,气味,正面
811,面膜,非常好用,整体,正面
811,面膜,很薄,其他,中性
811,补水效果,也不错,功效,正面
812,_,_,_,_
813,使用体验,挺好用的,使用体验,正面
813,使用体验,比较水润,使用体验,正面
813,使用体验,上妆也挺容易,使用体验,正面
813,物流,物流也很快,物流,正面
814,_,很划算,价格,正面
815,包装,完好,包装,正面
815,_,跟图片上的差不多,整体,中性
816,快递,值得表扬支持,物流,正面
817,物流,太给力了,物流,正面
817,物流,超级快,物流,正面
817,_,期待,整体,中性
818,温和,温和,使用体验,正面
818,刺激皮肤,不刺激,使用体验,正面
819,面膜,好用,使用体验,正面
819,面膜,补水效果棒棒哒,功效,正面
820,_,实惠,价格,正面
820,_,效果好,整体,正面
821,_,_,_,_
822,使用体验,用上很服帖,使用体验,正面
822,使用体验,没有浮粉的迹象,使用体验,正面
823,_,很喜欢,整体,正面
824,_,很好用,整体,正面
825,_,_,_,_
826,替换装数量,太开心了,其他,正面
826,_,期待用着更好,整体,中性
827,隔离霜,不错,整体,正面
827,隔离霜,很好推开,使用体验,正面
827,隔离霜,细腻,使用体验,正面
827,_,不遮暇,功效,负面
827,隔离霜,均匀肤色,功效,正面
827,_,送了面膜和卸妆水,包装,正面
827,_,棒棒哒,整体,正面
828,_,_,_,_
829,补水效果,挺好的,功效,正面
830,物流,很快,物流,正面
830,_,人很好,服务,正面
831,真伪,显示是正品,真伪,正面
832,油皮,有点点油,使用体验,负面
833,使用体验,脸越洗越油,使用体验,负面
833,使用体验,感觉像乳液,使用体验,负面
833,使用体验,一点泡泡都没有,使用体验,负面
833,_,感觉买了一堆垃圾,整体,负面
834,真伪,正品,真伪,正面
834,_,挺好的,整体,正面
834,尺寸,大瓶装,尺寸,正面
835,_,挺好,整体,正面
835,成膜,比较慢一些,使用体验,负面
835,_,好用,整体,正面
836,吸收情况,容易吸收,使用体验,正面
836,吸收情况,很好推开,使用体验,正面
836,成分,含有抗衰老成分,成分,正面
836,性价比,性价比高,价格,正面
836,滋润及保湿,滋润和保湿程度一般,使用体验,中性
837,_,很喜欢,整体,正面
837,_,还不错,整体,正面
838,_,很好,整体,正面
839,适合肤质,还行感觉,其他,中性
839,上妆效果,挺好的,使用体验,正面
840,包装,还可以,包装,中性
841,价格,活动价,价格,正面
842,气味,太香了,气味,负面
842,气味,不太喜欢很香的,气味,负面
843,物流,蛮快的,物流,正面
843,东西,不错,整体,正面
843,_,划得着,价格,正面
844,_,超级好用,整体,正面
844,_,洗完脸也不干,使用体验,正面
844,_,香香的,气味,正面
845,真伪,是正品,真伪,正面
846,物流,超级快,物流,正面
846,_,划算,价格,正面
846,_,便宜,价格,正面
847,_,很实惠,价格,正面
848,保湿,挺好的,功效,正面
848,快递,很快,物流,正面
849,_,划算,整体,正面
850,_,_,_,_
851,使用体验,滑滑的,使用体验,正面
851,整体,还不错,整体,正面
852,_,很好用,整体,正面
852,_,非常推荐,整体,正面
852,_,效果棒棒哒,功效,正面
853,质地,轻薄,使用体验,正面
854,_,不错,整体,正面
855,保湿效果,挺好的,功效,正面
855,_,是正品,真伪,正面
855,_,下次还会光顾,整体,正面
856,包装,挺好的,包装,正面
857,_,总体还可以,整体,中性
857,_,比较满意,整体,正面
858,_,_,_,_
859,_,很好,整体,正面
860,保湿,很好用,功效,正面
860,_,方便,整体,正面
860,_,划算,价格,正面
861,油,有点,使用体验,负面
861,_,很棒,整体,正面
861,防摩擦,贴心,使用体验,正面
862,物流,三四天才到,物流,负面
862,物流,到送货员那两天才送到,物流,负面
862,物流,跟小快递一样,物流,负面
863,_,_,_,_
864,_,很好用,整体,正面
864,_,喜欢,整体,正面
865,保湿,挺,功效,正面
865,_,有点黏腻,使用体验,负面
866,_,香香的,气味,正面
866,_,挺好用,使用体验,正面
866,_,不是很贵,价格,正面
866,_,推荐,整体,正面
867,使用体验,用起来还可以,使用体验,中性
867,_,不能遮暇,功效,负面
867,_,希望别长痘,使用体验,负面
868,_,很喜欢,整体,正面
868,_,好超值,价格,正面
868,_,不错,整体,正面
869,_,_,_,_
870,_,_,_,_
871,_,还不错,整体,正面
871,真伪,正品,真伪,正面
871,价格,便宜,价格,正面
872,补水效果,非常好,功效,正面
872,_,水嫩嫩,使用体验,正面
872,精华,很多,其他,正面
872,_,光滑,使用体验,正面
872,_,很保湿,功效,正面
872,_,不刺激,使用体验,正面
873,包装,精美漂亮,包装,正面
873,真伪,正品,真伪,正面
874,_,很贴心,服务,正面
874,_,五星好评,整体,正面
874,_,特别好,整体,正面
875,质地,细腻柔滑,使用体验,正面
875,气味,清香,气味,正面
875,_,种草了,整体,正面
876,价格,最便宜,价格,正面
877,_,挺好用的,整体,正面
877,_,装的挺多的,包装,正面
877,_,值得购买,整体,正面
878,_,很喜欢,整体,正面
879,轻薄,轻薄,使用体验,正面
880,_,_,_,_
881,整体,真心不错,整体,正面
881,价格,超级划算,价格,正面
881,_,下次还会再买,整体,正面
882,面膜,很好用,使用体验,正面
882,蚕丝面膜纸,非常贴,使用体验,正面
882,精华,好多,成分,正面
882,_,真的补水,功效,正面
883,_,_,_,_
884,物流,高效,物流,正面
885,_,_,_,_
886,_,非常实惠,价格,正面
887,隔离霜,好用,使用体验,正面
888,遮瑕,好用,使用体验,正面
888,遮瑕,自然白,使用体验,正面
889,快递,这么快,物流,正面
889,价格,这么实惠,价格,正面
889,_,第二次购买了,整体,正面
889,_,用完下次还要继续购买,整体,正面
890,_,_,_,_
891,_,很满意,整体,正面
892,_,非常好用,整体,正面
893,_,_,_,_
894,_,很愉快,整体,正面
894,_,是,整体,中性
895,_,好用,整体,正面
896,_,_,_,_
897,_,感觉不错,整体,正面
897,_,会再买,整体,正面
898,气垫,很好用,使用体验,正面
898,_,很喜欢,整体,正面
899,_,_,_,_
900,_,挺好,整体,正面
900,_,喜欢,整体,正面
901,皮肤,非常滋润,使用体验,正面
902,_,物美价廉,整体,正面
903,设计,挺好,其他,正面
903,水,不刺激,使用体验,正面
903,清洁,挺干净,使用体验,正面
904,物流,很快,物流,正面
904,_,还不错,整体,正面
905,_,还阔以,整体,正面
905,_,香香的,整体,正面
905,_,很满意,整体,正面
906,物流,很给力,物流,正面
906,_,不知道是不是送的,其他,中性
907,_,好用,整体,正面
907,_,是正品,真伪,正面
907,_,超划算,价格,正面
908,保湿,很,功效,正面
908,精华,很多,成分,正面
909,_,超喜欢,整体,正面
909,物流,快,物流,正面
909,物流,当天买当天就到,物流,正面
909,_,超级满意,整体,正面
910,物流,很及时,物流,正面
910,_,很适合,整体,正面
911,隔离霜,用起来感觉不错,使用体验,正面
911,_,美美哒,整体,正面
912,气味,酒精味太重,气味,负面
912,_,有点油,其他,负面
912,_,其他都很好,整体,正面
913,价格,很优惠,价格,正面
913,价格,比实体店应该优惠很多,价格,正面
914,_,很好,整体,正面
915,_,还不错,整体,正面
916,快递,神速,物流,正面
916,快递,太给力了,物流,正面
916,价格,优惠很多,价格,正面
917,使用体验,真的不好用,使用体验,负面
917,功效,没有提亮肤色的效果,功效,负面
918,_,真心不错,整体,正面
919,_,还不错,整体,正面
920,真伪,正品,真伪,正面
920,瓶盖,碎了,其他,负面
921,真伪,正品,真伪,正面
922,_,还可以,整体,中性
922,_,有香料,气味,负面
923,物流,很给力,物流,正面
923,物流,第二天上午就到了,物流,正面
924,保湿效果,还不错,功效,正面
925,_,_,_,_
926,味道,不错,气味,正面
926,保湿,挺保湿,功效,正面
927,味道,好,气味,正面
927,_,不过敏,使用体验,正面
927,_,补水,使用体验,正面
928,_,很好,整体,正面
928,_,非常喜欢,整体,正面
928,_,直营,服务,正面
929,_,一如既往的好,整体,正面
930,_,好,整体,正面
930,_,喜欢,整体,正面
931,_,_,_,_
932,物流,快,物流,正面
933,味道,比较奇怪,气味,负面
933,_,非常好吸收,使用体验,正面
933,_,轻微的黏腻感,使用体验,负面
933,_,可以接受的程度,使用体验,正面
933,_,非常非常轻微,使用体验,中性
934,物流,速度快,物流,正面
935,使用体验,不好用,使用体验,负面
935,使用体验,卡粉,使用体验,负面
936,_,_,_,_
937,_,性价比很高的,整体,正面
938,面膜,精华很多,成分,正面
938,面膜,很好用,整体,正面
938,面膜,不过敏,真伪,正面
939,_,一点都不好用,整体,负面
940,保湿效果,很好,功效,正面
941,痘痘痕迹,自然淡化了,使用体验,正面
942,整体,东西确定好,整体,正面
942,价格,便宜,价格,正面
943,_,一般,整体,中性
943,_,便宜,价格,正面
944,_,确实,整体,正面
944,吸收,挺好,使用体验,正面
944,_,并不油腻,使用体验,正面
944,保护措施,做的也挺好,服务,正面
944,_,没有损毁,物流,正面
945,功效,不错,功效,正面
946,包装,简陋,包装,负面
946,价格,划算,价格,正面
946,整体,满意,整体,正面
947,补水效果,不错,功效,正面
947,包装,好看,包装,正面
947,膜布,柔软,使用体验,正面
947,膜布,很薄,使用体验,中性
947,精华,满满,成分,正面
948,_,不错,整体,正面
949,面膜,挺喜欢,整体,正面
949,面膜,很实惠,价格,正面
949,面膜,水水美美的,使用体验,正面
950,_,现在用着不错,整体,正面
950,_,不知道时间长了会怎么样,整体,中性
950,_,用一个月看看怎么样,整体,中性
950,_,才会出现好和差区别,整体,中性
951,使用体验,有点油,使用体验,负面
951,使用体验,到后面就好多了,使用体验,正面
952,_,还行,整体,中性
952,_,好推开,使用体验,正面
952,_,眼睛有点不舒服,使用体验,负面
953,_,Very good,整体,正面
954,_,还不错,整体,正面
954,_,挺舒服的,使用体验,正面
955,提亮肤色,挺好用的,功效,正面
956,_,_,_,_
957,_,快又好,物流,正面
957,_,很不错,整体,正面
957,_,棒棒哒,整体,正面
958,颜色,不自然,其他,负面
958,颜色,假白,其他,负面
958,定妆,不持久,使用体验,负面
958,一盒,好少,尺寸,负面
959,_,好用,整体,正面
959,_,挺不错的,整体,正面
959,_,你值得拥有,整体,正面
960,快递,不咋地,物流,负面
960,快递,速度还慢,物流,负面
961,_,感觉还不错,整体,正面
961,_,挺香的,气味,正面
961,泡面,不是很丰富,其他,负面
961,_,也挺好,整体,正面
961,_,洗好之后,使用体验,中性
961,_,脸也不干燥,使用体验,正面
962,_,还不错,整体,正面
963,_,很好用,整体,正面
963,物流,很快,物流,正面
964,_,_,_,_
965,水嫩,挺,使用体验,正面
966,脸上,卡粉,使用体验,负面
966,_,不自然,使用体验,负面
967,_,有点太贵了点,价格,负面
968,粉底,浮粉严重,使用体验,负面
968,颜色,太白,其他,负面
968,粉底,显毛孔,使用体验,负面
969,_,_,_,_
970,整体,很好用,整体,正面
971,_,挺好用的,整体,正面
971,_,非常满意,整体,正面
972,_,_,_,_
973,_,棒棒哒,整体,正面
974,_,好用,整体,正面
974,_,经济,价格,正面
974,_,实惠,价格,正面
975,_,还不错,整体,正面
975,包装,很大一箱,包装,中性
975,_,用着还可以,使用体验,中性
975,_,便宜,价格,正面
975,_,送了面膜盒,服务,正面
976,洗脸,还可以,使用体验,中性
976,_,不黏腻,使用体验,正面
977,使用体验,很油,使用体验,负面
977,使用体验,不清爽,使用体验,负面
978,_,没用,整体,负面
979,使用体验,特别好用,使用体验,正面
979,薄,很薄,其他,正面
979,使用体验,贴完很舒服,使用体验,正面
980,_,_,_,_
981,尺寸,有点小啊比想象中的小,尺寸,负面
982,_,_,_,_
983,_,买一送一,价格,正面
983,_,挺温和,功效,正面
983,_,用着还可以,使用体验,正面
984,_,好用,整体,正面
984,_,不错,整体,正面
985,_,好评,整体,正面
986,_,反馈情况良好,整体,正面
986,_,使用无异常,整体,正面
986,_,喜欢这种东西,整体,正面
987,_,很好用,整体,正面
987,_,好用,整体,正面
987,肤色,均匀,功效,正面
988,卸妆效果,很好,功效,正面
988,质量,很满意,整体,正面
989,包装,一般,包装,中性
989,包装,连个盒子都没有,包装,负面
989,_,样子看着也就那样,整体,中性
990,_,很好用,整体,正面
990,_,味道也好闻,气味,正面
990,_,太划算,价格,正面
991,_,很好用,整体,正面
991,_,老顾客了,整体,正面
992,价格,便宜,价格,正面
993,_,好,整体,正面
994,保湿补水效果,很好,功效,正面
994,_,特别快,使用体验,正面
994,_,超值,价格,正面
994,_,值得选择,整体,正面
995,_,好用,整体,正面
995,_,不刺激,使用体验,正面
996,_,_,_,_
997,_,很好用,整体,正面
997,_,很开心,整体,正面
997,_,肤色很好,整体,正面
998,_,满意,整体,正面
998,_,吸收好,使用体验,正面
999,_,_,_,_
1000,_,发货及时,物流,正面
1000,_,品种还是那么的好,整体,正面
1001,_,_,_,_
1002,_,_,_,_
1003,_,好用,整体,正面
1003,_,很划算,价格,正面
1004,提亮肤色,超强大,功效,正面
1004,_,很润,使用体验,正面
1004,_,很服帖,使用体验,正面
1005,_,不是很好用,整体,负面
1006,_,还不错,整体,正面
1006,_,习惯性好评,整体,中性
1006,_,下次再买,整体,正面
1006,_,皮肤很白了,功效,正面
1007,_,好用,整体,正面
1007,_,价格亲民,价格,正面
1008,整体,不错,整体,正面
1009,整体,比想象中的好很多,整体,正面
1009,功效,补水保湿,功效,正面
1009,使用体验,不油腻,使用体验,正面
1010,整体,效果很好,整体,正面
1010,_,性价比高,价格,正面
1010,_,用起来很方便,使用体验,正面
1010,_,不浪费,其他,正面
1011,整体,干巴巴的,整体,负面
1012,_,很好用,整体,正面
1012,_,很香,气味,正面
1013,_,非常不错,整体,正面
1014,瓶子,挺精致的,其他,正面
1015,_,看着不错,整体,正面
1015,_,好用,整体,正面
1015,快递,很快,物流,正面
1016,_,蛮好用的,整体,正面
1016,_,超喜欢,整体,正面
1016,_,超满意,整体,正面
1017,使用体验,挺好用的,使用体验,正面
1017,使用体验,很细腻,使用体验,正面
1017,功效,遮瑕效果挺好,功效,正面
1018,尺寸,挺小的,尺寸,负面
1018,使用体验,适合油皮，不易脱妆,使用体验,正面
1018,整体,整体感觉不错,整体,正面
1018,包装,还送了一瓶卸妆水,包装,正面
1019,_,_,_,_
1020,清爽型,很舒服,使用体验,正面
1021,物流,快,物流,正面
1021,服务,好,服务,正面
1022,_,挺划算的,价格,正面
1022,_,会一直支持,整体,正面
1023,_,好评,整体,正面
1023,_,多次购买,整体,正面
1023,_,好用,整体,正面
1024,_,真给力,整体,正面
1025,_,物有所值,整体,正面
1026,_,挺好用的,整体,正面
1026,_,实惠,价格,正面
1026,_,建议购买,整体,正面
1026,_,感觉还可以,整体,中性
1027,面膜精华,很多,其他,正面
1027,快递员服务,超好,服务,正面
1028,提亮效果,好,功效,正面
1029,包装,很好,包装,正面
1029,包装,无破损,包装,正面
1030,气味,淡淡的清香,气味,正面
1030,_,很好闻,气味,正面
1030,_,还有两个替换装,包装,正面
1031,_,_,_,_
1032,_,挺好,整体,正面
1032,_,不卡粉,使用体验,正面
1033,_,便宜,价格,正面
1033,_,好用,整体,正面
1033,_,物美价廉,整体,正面
1034,_,好失望,整体,负面
1034,保质期,2020年的,其他,负面
1034,_,没有评价那么好,整体,负面
1035,整体,值得推荐,整体,正面
1035,整体,超级好用,整体,正面
1035,整体,易摸散,整体,中性
1035,整体,很信赖,整体,正面
1035,整体,还会回购,整体,正面
1035,尺寸,一瓶只有40毫升,尺寸,中性
1036,_,不错,整体,正面
1036,_,挺好用的,整体,正面
1036,_,用着还不错,整体,正面
1037,气味,廉价的香精味,气味,负面
1037,使用体验,上妆不自然卡粉,使用体验,负面
1037,_,试了一次就没用了,整体,负面
1038,整体,不错,整体,正面
1039,保湿效果,还行,功效,中性
1039,_,特别划算,价格,正面
1040,物流,好快,物流,正面
1040,使用体验,感觉很好,使用体验,正面
1040,成分,精华也很多,成分,正面
1041,_,_,_,_
1042,_,_,_,_
1043,_,_,_,_
1044,整体,很好用,整体,正面
1044,_,是真的,真伪,正面
1045,物流,很快,物流,正面
1046,真伪,正品,真伪,正面
1047,尺寸,很大,尺寸,正面
1047,使用体验,用起来非常方便,使用体验,正面
1048,清爽不油腻,清爽不油腻,使用体验,正面
1049,包装,完好,包装,正面
1049,气味,淡淡的清香味,气味,正面
1050,_,性价比很高,整体,正面
1050,_,超级快,物流,正面
1051,_,不错,整体,正面
1052,保湿,不是那么好,功效,负面
1053,_,_,_,_
1054,味道,清新,气味,正面
1054,泡沫,不多,使用体验,负面
1054,泡沫,细腻,使用体验,正面
1054,清洁力度,还可以,使用体验,中性
1054,洗完,不紧绷,使用体验,正面
1054,洗发水,温和,使用体验,正面
1055,_,一般般,整体,中性
1055,_,不明显,整体,负面
1056,使用体验,一般般,使用体验,中性
1056,功效,搓不出角质,功效,负面
1057,_,超赞,整体,正面
1057,_,大爱,整体,正面
1058,_,太赞了,整体,正面
1058,_,用惯了,整体,正面
1058,_,年年买,整体,正面
1059,_,_,_,_
1060,物流,很快,物流,正面
1061,物流,慢,物流,负面
1062,气味,太香了,气味,正面
1062,使用体验,不是很滋润,使用体验,负面
1062,使用体验,稍微有点遮暇效果,使用体验,正面
1063,面膜,超级好用,整体,正面
1063,面膜,敏感肌都不会过敏,真伪,正面
1063,面膜,补水效果也好,功效,正面
1064,服务态度,很好,服务,正面
1064,物流,提前一天到,物流,正面
1064,整体,很满意,整体,正面
1065,实物,和图片一样,整体,正面
1065,_,出汗不掉妆,使用体验,正面
1066,粉质,不够细,其他,负面
1066,使用,不够服帖,使用体验,负面
1066,味道,蛮喜欢,气味,正面
1066,提亮的效果,也不错,功效,正面
1067,使用体验,清淡,使用体验,正面
1067,使用体验,不紧绷,使用体验,正面
1067,使用体验,很舒服,使用体验,正面
1067,使用体验,没有什么泡泡,使用体验,负面
1067,使用体验,挺干净,使用体验,正面
1067,使用体验,不刺激,使用体验,正面
1067,使用体验,还好,使用体验,中性
1068,整体,还不错,整体,正面
1068,赠品,赠送了两小瓶卸妆水,其他,中性
1069,洗面奶,很难用,使用体验,负面
1069,洗面奶,洗不干净,功效,负面
1069,洗面奶,油油的,使用体验,负面
1069,火山泥,不是泥,真伪,负面
1069,火山泥,油乎乎的东西,使用体验,负面
1070,_,非常满意,整体,正面
1070,_,赠送一支迷你的,其他,正面
1071,_,还不错,整体,正面
1072,温和不刺激,喜欢,使用体验,正面
1072,_,大爱,整体,正面
1072,_,挺好用的,整体,正面
1073,_,价格美丽,价格,正面
1073,_,买一送一,价格,正面
1074,_,很不错哦,整体,正面
1075,_,一般,整体,中性
1075,_,期待以后效果,整体,正面
1076,清洁力,不是太好,功效,负面
1076,_,起痘痘,使用体验,负面
1077,包装,很大,包装,正面
1077,赠品,送了很多,其他,正面
1077,效果,还行,功效,中性
1078,_,_,_,_
1079,粉扑,很硬,其他,负面
1079,粉扑,不好用,使用体验,负面
1080,_,速度真无敌了,物流,正面
1081,清洁效果,洗不干净,使用体验,负面
1081,泡沫,不细腻,使用体验,负面
1082,_,一如既往的好,整体,正面
1083,_,还不错,整体,正面
1083,_,正品,真伪,正面
1084,日期,新,其他,正面
1084,_,看着不错,整体,正面
1085,_,_,_,_
1086,物流,很快,物流,正面
1087,_,还不错,整体,正面
1087,_,和描述的一样,整体,中性
1088,_,_,_,_
1089,_,_,_,_
1090,价格,实惠,价格,正面
1090,_,不错,整体,正面
1091,_,特持久,其他,正面
1091,_,特别容易干,其他,负面
1092,效果,特别好,功效,正面
1092,补水,特,功效,正面
1093,成分,添加剂很少很安全,成分,正面
1093,功效,补水保湿也不错,功效,正面
1093,使用体验,太粘稠了,使用体验,负面
1094,物流,给力,物流,正面
1095,_,不错,整体,正面
1095,_,用了很多年,整体,正面
1096,整体,还不错,整体,正面
1096,_,通透,使用体验,正面
1096,_,不会油油的,使用体验,正面
1096,_,遮瑕防晒,功效,正面
1096,_,推荐购买,整体,正面
1097,面膜,轻薄,使用体验,正面
1097,面膜,舒服,使用体验,正面
1097,_,很好,整体,正面
1098,整体,挺好的,整体,正面
1099,气味,一般,气味,负面
1099,气味,没有他们说的那持久,气味,负面
1099,_,不值得购买,整体,负面
1099,_,性价比低,价格,负面
1100,_,不错,整体,正面
1101,_,物廉价美,整体,正面
1102,_,很清爽,使用体验,正面
1102,_,不错,整体,正面
1102,_,很划得来,价格,正面
1103,_,有点小惊喜,整体,正面
1103,_,很满意,整体,正面
1104,_,过敏,其他,负面
1105,效果,很好,功效,正面
1105,_,很补水,功效,正面
1105,_,买了三套划算,价格,正面
1106,_,_,_,_
1107,_,好用的很,整体,正面
1108,控油效果,还可以,功效,中性
1108,香味,太香精了,气味,负面
1109,日期,比专柜差,其他,负面
1109,日期,根本不是近期的,其他,负面
1109,日期,4月的,其他,负面
1110,_,超级喜欢,整体,正面
1111,_,非常好,整体,正面
1111,_,舒服,使用体验,正面
1111,_,不过敏,使用体验,正面
1111,_,挺实惠的,价格,正面
1112,包装,还可以,包装,中性
1113,_,好,整体,正面
1114,包装,新包装确实比老包装好多了,包装,正面
1114,使用体验,只要轻轻的按一下就好了,使用体验,正面
1115,物流,好快,物流,正面
1115,服务态度,也好,服务,正面
1116,真伪,是正品,真伪,正面
1117,物流,很快,物流,正面
1118,袋子,漂亮,包装,正面
1119,面膜,还不错,整体,正面
1119,面膜,很服帖,使用体验,正面
1120,_,不错,整体,正面
1120,_,挺细腻的,整体,正面
1121,气味,淡淡香味,气味,正面
1121,_,非常好用,整体,正面
1122,_,_,_,_
1123,_,_,_,_
1124,_,_,_,_
1125,_,相当不错,整体,正面
1125,物流,给力,物流,正面
1125,_,好评,整体,正面
1125,_,超级好评,整体,正面
1126,_,_,_,_
1127,质地,很湿润,使用体验,正面
1127,味道,和力士香皂味道很像,气味,中性
1128,_,效果很好,整体,正面
1128,_,老婆很喜欢,整体,正面
1129,_,很不错,整体,正面
1130,_,挺好用的,整体,正面
1130,_,非常满意,整体,正面
1131,_,_,_,_
1132,物流,超级快,物流,正面
1133,整体,还不错,整体,正面
1133,整体,很好用,整体,正面
1133,价格,优惠,价格,正面
1133,整体,满意,整体,正面
1134,物流,很快,物流,正面
1135,_,满意,整体,正面
1135,_,还不错,整体,正面
1135,持久效果,没有宣传的那么好,功效,负面
1135,卸妆油,送了,包装,正面
1135,_,发货也快,物流,正面
1136,_,棒棒哒,整体,正面
1136,透气,轻薄,使用体验,正面
1137,尺寸,挺大,尺寸,正面
1137,功效,卸妆效果也还好,功效,中性
1137,功效,肯定没有水油的那种效果好,功效,负面
1137,使用体验,清爽不油腻,使用体验,正面
1138,整体,很好用,整体,正面
1138,物流,很快,物流,正面
1139,_,_,_,_
1140,_,_,_,_
1141,提亮肤色,很不错,功效,正面
1142,_,很好用,整体,正面
1142,香味,淡淡的,气味,正面
1142,_,用完后脸也不会有紧绷的感觉,使用体验,正面
1143,使用体验,很舒服,使用体验,正面
1143,_,没有一点不舒服,使用体验,正面
1144,_,还行吧,整体,中性
1144,_,无功无过,整体,中性
1145,面膜,不错,整体,正面
1145,保温效果,好,功效,正面
1145,精华液,挺多的,成分,正面
1146,_,挺好的,整体,正面
1147,外观,还不错,其他,正面
1148,_,不错,整体,正面
1149,_,_,_,_
1150,真伪,是正品,真伪,正面
1150,包装,有点不好,包装,负面
1151,物流,很快,物流,正面
1152,_,非常好用,整体,正面
1153,快递,很给力,物流,正面
1154,_,很喜欢,整体,正面
1154,_,称赞,整体,正面
1155,物流,快,物流,正面
1156,真伪,正品,真伪,正面
1157,物流,垃圾,物流,负面
1157,_,味道好大,气味,负面
1157,_,不喜欢,整体,负面
1158,_,非常好用,整体,正面
1158,味道,好闻,气味,正面
1158,_,一直都在用,整体,正面
1159,遮暇效果,很好,功效,正面
1160,_,_,_,_
1161,价格,比店里低,价格,正面
1162,_,_,_,_
1163,_,不好用,整体,负面
1163,_,太干,整体,负面
1164,物流,速度真快,物流,正面
1164,价格,便宜,价格,正面
1164,使用体验,待试试效果咋样,使用体验,中性
1165,上妆效果,脸白一大圈,使用体验,正面
1166,_,_,_,_
1167,_,物超所值,整体,正面
1167,_,值得购买,整体,正面
1168,价格,比较实惠,价格,正面
1168,功效,挺好,功效,正面
1169,_,感觉还可以,整体,中性
1169,物流,很快,物流,正面
1170,整体,垃圾产品,整体,负面
1170,真伪,假货,真伪,负面
1170,使用体验,用了脸都毁了,使用体验,负面
1170,_,好评率那么好,整体,负面
1170,_,花了多少钱刷屏,整体,负面
1170,整体,麻烦刷屏的钱用在商品质检上自然会有人购买的,整体,负面
1171,皮肤,光滑水润,使用体验,正面
1172,_,_,_,_
1173,气味,太刺鼻,气味,负面
1173,_,很实惠,价格,正面
1174,_,不错,整体,正面
1174,_,喜欢,整体,正面
1175,_,感觉不错,整体,正面
1175,_,媳妇很满意,整体,正面
1176,_,性价比很高,整体,正面
1177,_,很不错,整体,正面
1178,_,_,_,_
1179,真伪,假货,真伪,负面
1179,_,过敏,使用体验,负面
1179,_,一颗星都不想给,整体,负面
1179,防伪码,扫不出来,真伪,负面
1180,包装,不错,包装,正面
1180,自然色,还好,其他,中性
1180,_,带尖的,使用体验,中性
1180,_,适合鼻翼两侧用,使用体验,正面
1180,_,不持久,使用体验,负面
1180,_,毛孔粗,其他,负面
1180,_,吃妆比较厉害,使用体验,负面
1181,新鲜度,日期新鲜,新鲜度,正面
1181,_,特划算,价格,正面
1182,洗面奶,用着不起沫,使用体验,负面
1182,洗面奶,不怎么好用,使用体验,负面
1183,_,_,_,_
1184,妆效,不服帖,使用体验,负面
1184,妆效,脱妆严重,使用体验,负面
1184,妆效,假白,使用体验,负面
1185,卸妆液,很清爽,使用体验,正面
1185,卸妆液,不油腻,使用体验,正面
1185,卸妆液,很喜欢,整体,正面
1185,卸妆液,卸的也很干净,功效,正面
1186,快递,真快,物流,正面
1187,_,超乎意料的好,整体,正面
1187,_,好评,整体,正面
1187,_,赞赞赞赞赞,其他,正面
1188,价格,便宜了很多,价格,正面
1188,_,好用,整体,正面
1188,_,好评,整体,正面
1189,_,_,_,_
1190,面膜,不错,整体,正面
1190,面膜,值得回购,整体,正面
1190,面膜,是正品,真伪,正面
1190,面膜,效果挺好的,功效,正面
1191,卸妆效果,挺干净的,功效,正面
1192,_,高端霸气上档次,整体,正面
1192,_,超级喜欢,整体,正面
1193,真伪,是正品,真伪,正面
1194,使用体验,喜欢用,使用体验,正面
1194,使用体验,比较细腻,使用体验,正面
1194,使用体验,也不油腻,使用体验,正面
1194,整体,觉得挺好的,整体,正面
1195,整体,值得了,整体,正面
1196,物流,相当快,物流,正面
1196,包装,精致,包装,正面
1196,_,一如既往的好,整体,正面
1196,_,值得拥有,整体,正面
1197,使用体验,不错,使用体验,正面
1197,使用体验,感觉脸也不干了,使用体验,正面
1197,使用体验,也白了很多,使用体验,正面
1198,整体,满意,整体,正面
1199,_,很喜欢,整体,正面
1199,_,用的非常好,整体,正面
1200,_,_,_,_
1201,_,不错,整体,正面
1201,_,值得购买,整体,正面
1202,_,很好用,整体,正面
1203,_,_,_,_
1204,物流,又快又好,物流,正面
1205,_,便宜,价格,正面
1205,_,还好用,整体,正面
1205,_,清淡的香味,气味,正面
1205,_,个人比较喜欢,整体,正面
1206,_,一如既往的好,整体,正面
1207,_,_,_,_
1208,_,很不错,整体,正面
1209,_,很满意,整体,正面
1210,补水效果,很棒,功效,正面
1211,_,_,_,_
1212,使用体验,超好用,使用体验,正面
1212,使用体验,好用,使用体验,正面
1212,包装,送两个替换装,包装,正面
1212,价格,超值,价格,正面
1213,皮肤,变好了点,使用体验,正面
1214,使用体验,水润透气,使用体验,正面
1214,使用体验,清风般的享受,使用体验,正面
1214,整体,质量不错,整体,正面
1214,_,值得拥有,整体,正面
1215,_,很好用,整体,正面
1216,_,_,_,_
1217,洗面奶,细腻,使用体验,正面
1217,洗面奶,清爽不干燥,使用体验,正面
1218,_,一如既往地好,整体,正面
1219,使用体验,很油,使用体验,负面
1219,使用体验,用完满脸油,使用体验,负面
1220,包装,送的东西还不少,包装,正面
1220,整体,好用,整体,正面
1221,_,挺好的,整体,正面
1221,味道,清新,气味,正面
1221,_,滋润又不粘腻,使用体验,正面
1221,_,下次还会再来,整体,正面
1222,面膜,很薄,其他,负面
1222,面膜,水分很多,其他,正面
1222,面膜,很舒服,使用体验,正面
1222,面膜,清爽,使用体验,正面
1223,深海雪润,效果感觉不错,功效,正面
1223,深海水养,效果感觉不错,功效,正面
1224,价格,合理,价格,正面
1225,物流,很快,物流,正面
1226,_,挺喜欢的,整体,正面
1227,_,很好,整体,正面
1227,_,值得购买,整体,正面
1228,提亮遮暇能力,强,功效,正面
1229,水乳,挺好的,整体,正面
1229,水,用的好快,使用体验,负面
1230,气味,臭死了,气味,负面
1231,_,挺不错的,整体,正面
1231,包装,无损坏,包装,正面
1231,气味,淡淡的清香味,气味,正面
1231,_,保湿效果应该挺好的,功效,正面
1232,_,不错,整体,正面
1232,物流,很快,物流,正面
1233,包装,有点脏,包装,负面
1233,包装,霜都泄露了,包装,负面
1234,气味,很好闻,气味,正面
1234,_,买了一瓶,其他,中性
1234,_,发了两瓶,其他,中性
1235,物流,很快,物流,正面
1235,面膜,很好用,使用体验,正面
1236,尺寸,很大,尺寸,正面
1236,设计,单手操作也毫不费力,使用体验,正面
1236,气味,没有刺鼻的气味,气味,正面
1236,温和性,很温和,使用体验,正面
1236,卸妆效果,卸妆很干净,功效,正面
1236,包装,特别再仔细,包装,正面
1236,_,很满意,整体,正面
1237,妆,容易花,使用体验,负面
1237,_,被骗了,整体,负面
1237,遮暇效果,一点...都没有,功效,负面
1238,_,便宜没好货好货不便宜,整体,负面
1238,尺寸,好小,尺寸,负面
1239,_,还不错,整体,正面
1240,皮肤,很干,使用体验,负面
1241,整体,好用,整体,正面
1241,上妆效果,好用,使用体验,正面
1241,上妆效果,亲肤,使用体验,正面
1241,持久情况,不油,使用体验,正面
1241,适合肤质,痘印肌肤,使用体验,中性
1242,隔离,很好用,使用体验,正面
1243,物流,超快,物流,正面
1243,包装,高大上很好,包装,正面
1243,_,没有破损,包装,正面
1244,_,便宜实惠,价格,正面
1244,_,非常好用,整体,正面
1245,_,_,_,_
1246,_,_,_,_
1247,_,很赞,整体,正面
1247,_,很喜欢,整体,正面
1248,_,好用,整体,正面
1248,_,再来光顾,整体,正面
1249,面膜,很好用,整体,正面
1249,使用体验,用完脸上水水的,使用体验,正面
1249,使用体验,第二天起床后嫩嫩的,使用体验,正面
1250,保湿效果,很好,功效,正面
1250,_,国产大品牌,整体,正面
1251,包装,好多了,包装,正面
1251,_,效果未知,功效,中性
1252,整体,很好用,整体,正面
1252,味道,很好闻,气味,正面
1252,整体,很喜欢,整体,正面
1253,_,_,_,_
1254,气味,挺重的,气味,负面
1255,_,挺好用,整体,正面
1255,_,很轻薄,整体,正面
1256,价格,实惠,价格,正面
1256,使用体验,脸上不会干,使用体验,正面
1256,使用体验,保持时间较长,使用体验,正面
1256,使用体验,不用一直补妆,使用体验,正面
1257,_,不错,整体,正面
1257,_,第二次买,整体,正面
1258,乳液,挺多的,尺寸,正面
1258,乳液,够用一阵了,使用体验,正面
1259,精华液,很多,成分,正面
1259,补水效果,不错,功效,正面
1260,_,_,_,_
1261,使用体验,喜欢,使用体验,正面
1261,使用体验,不刺皮肤,使用体验,正面
1261,使用体验,擦的干净,使用体验,正面
1262,_,非常好用,整体,正面
1262,_,不油腻,使用体验,正面
1262,_,很清爽,使用体验,正面
1262,_,大爱,整体,正面
1263,_,就是快,物流,正面
1264,_,_,_,_
1265,味道,很好闻,气味,正面
1265,保湿,保湿,功效,正面
1266,物流,很快,物流,正面
1266,商品质量,很好,整体,正面
1267,_,_,_,_
1268,夏天,很油,使用体验,负面
1268,夏天,真的真的很油,使用体验,负面
1269,_,很好很好非常好,整体,正面
1270,_,挺好的,整体,正面
1271,_,比预想的差太多了,整体,负面
1271,_,一分钱一分货吧,整体,负面
1271,镜子,松的,包装,负面
1271,散粉,整的到处都是,包装,负面
1271,_,香味很浓,气味,中性
1272,_,一如既往的好,整体,正面
1273,_,实惠,价格,正面
1274,补水,效果很好,功效,正面
1275,_,好用,整体,正面
1275,滋润度,非常好,功效,正面
1275,_,不干,使用体验,正面
1275,_,不卡粉,使用体验,正面
1275,_,棒棒哒,整体,正面
1276,_,_,_,_
1277,_,还不错,整体,正面
1278,_,_,_,_
1279,_,非常满意,整体,正面
1279,_,非常喜欢,整体,正面
1280,_,_,_,_
1281,补水效果,非常好,功效,正面
1282,_,_,_,_
1283,_,_,_,_
1284,洗完感觉,还有一层，洗不掉,使用体验,负面
1284,_,不紧绷,使用体验,正面
1285,尺寸,小了一点,尺寸,负面
1285,_,很好用,使用体验,正面
1285,_,很香,气味,正面
1285,包装,掉色了,包装,负面
1286,_,真心不错,整体,正面
1287,_,应该还不错,整体,正面
1288,整体,很不错,整体,正面
1288,整体,不错,整体,正面
1289,_,还可以吧,整体,中性
1290,_,_,_,_
1291,保湿效果,很好,功效,正面
1291,整体,非常满意,整体,正面
1292,价格,实惠,价格,正面
1292,价格,便宜,价格,正面
1293,_,_,_,_
1294,_,还行,整体,中性
1294,_,方便,整体,正面
1295,皮肤,刺激,使用体验,负面
1296,整体,一如既往的好,整体,正面
1296,真伪,是正品,真伪,正面
1297,_,非常好用,整体,正面
1298,真伪,是真品吗？,真伪,中性
1298,_,过敏,使用体验,负面
1299,气味,挺好闻的,气味,正面
1299,_,效果很好,功效,正面
1300,_,还不错,整体,正面
1300,价格,很划算,价格,正面
1301,_,0.01元,价格,正面
1302,_,好,整体,正面
1302,物流,今天就到了,物流,正面
1303,_,一点都不好用,整体,负面
1303,_,最差的一次购物,整体,负面
1304,气味,淡淡的香味,气味,正面
1304,_,爱不释手了,整体,正面
1305,_,还可以,整体,中性
1306,保湿效果,特好,功效,正面
1306,遮瑕效果,也不错,功效,正面
1307,_,很好用,整体,正面
1307,_,*好用,整体,正面
1308,_,价格挺便宜的,价格,正面
1308,_,希望效果好,整体,正面
1309,_,_,_,_
1310,_,不错,整体,正面
1311,替换装,不真实,其他,负面
1312,_,货真价实,整体,正面
1313,_,超实惠,价格,正面
1313,_,不错,整体,正面
1314,使用体验,好用,使用体验,正面
1314,使用体验,比较敷贴皮肤,使用体验,正面
1314,使用体验,不干燥,使用体验,正面
1314,使用体验,比较水润,使用体验,正面
1314,_,奈斯,其他,正面
1314,_,回进行回购,其他,正面
1314,价格,比装柜便宜,价格,正面
1315,物流,速度快,物流,正面
1315,_,期待用得好,整体,正面
1315,_,感觉还好,整体,中性
1316,_,非常好,整体,正面
1316,_,好多了,整体,正面
1317,物流,很快,物流,正面
1317,包装,无破损,包装,正面
1317,_,确认过眼神，是我想要的,整体,正面
1318,_,_,_,_
1319,_,很香,气味,正面
1320,_,很不错呢,整体,正面
1321,_,挺好,整体,正面
1321,_,送了好多东西,其他,正面
1322,补水效果,非常不错,功效,正面
1323,味道,很好闻,气味,正面
1324,_,不错,整体,正面
1325,美白效果,不是很好,功效,负面
1326,_,_,_,_
1327,整体,用的还不错,整体,正面
1328,_,非常不满意,整体,负面
1329,_,_,_,_
1330,_,还不错,整体,正面
1331,隔离,不错好用,使用体验,正面
1331,快递,更给力,物流,正面
1332,_,很不错的,整体,正面
1332,价格,比实体店便宜,价格,正面
1332,赠品,很多,其他,正面
1333,_,很好,整体,正面
1334,_,_,_,_
1335,气味,怪,气味,负面
1336,物流,快,物流,正面
1337,_,效果还不错,整体,正面
1338,_,_,_,_
1339,包装,完好,包装,正面
1339,日期,比较新,新鲜度,正面
1340,服务,很不错,服务,正面
1340,_,用着不错,整体,正面
1341,_,便宜划算,价格,正面
1342,_,很喜欢,整体,正面
1343,_,_,_,_
1344,使用体验,非常好用,使用体验,正面
1344,使用体验,不油腻,使用体验,正面
1344,使用体验,好推开,使用体验,正面
1345,_,很好用,整体,正面
1345,_,不浮粉,整体,正面
1346,快递,超快,物流,正面
1347,包装,蛮好的,包装,正面
1348,使用体验,好用,使用体验,正面
1348,物流,送货快,物流,正面
1349,物流,太给力了,物流,正面
1349,气味,特别好闻,气味,正面
1350,包装,好差劲,包装,负面
1351,使用体验,很好用,使用体验,正面
1351,使用体验,易推开,使用体验,正面
1351,功效,有一点提亮肤色的效果,功效,正面
1351,整体,一瓶能用好久,整体,正面
1352,_,_,_,_
1353,滋润,很,使用体验,正面
1354,价格,合理,价格,正面
1355,使用体验,非常卡粉,使用体验,负面
1355,_,一点都不好用,整体,负面
1356,_,挺多的,其他,正面
1357,整体,不错,整体,正面
1357,整体,好用,整体,正面
1357,价格,便宜,价格,正面
1358,_,挺好的,整体,正面
1359,皮肤,很舒服,使用体验,正面
1359,皮肤,白些了,使用体验,正面
1359,_,长期用应该可以美白,整体,正面
1360,肤色,很自然,使用体验,正面
1361,_,很喜欢,整体,正面
1361,_,还会再次购买,整体,正面
1362,使用体验,特别好用,使用体验,正面
1363,_,很好,整体,正面
1363,_,很好用,使用体验,正面
1364,物流,很快,物流,正面
1364,盒子,有点脏,包装,负面
1364,_,很润,使用体验,正面
1364,_,用完不干,使用体验,正面
1364,_,精华都能吸收,使用体验,正面
1364,_,太干了,使用体验,负面
1365,真伪,是正品,真伪,正面
1365,_,用着很自然,使用体验,正面
1365,物流,昨天下的单今天就到了,物流,正面
1366,真伪,正品,真伪,正面
1367,整体,水润清凉,整体,正面
1367,真伪,正品,真伪,正面
1367,功效,效果也不错,功效,正面
1368,使用体验,会卡粉,使用体验,负面
1369,整体,一如既往的好用,整体,正面
1369,_,自然服帖,使用体验,正面
1369,_,比实体店实惠多了,价格,正面
1369,_,还会回购,整体,正面
1370,_,_,_,_
1371,_,_,_,_
1372,_,优惠多多,价格,正面
1372,_,非常满意,整体,正面
1372,_,希望能白一点,其他,负面
1373,整体,很好用,整体,正面
1374,_,_,_,_
1375,补水效果,特别好,功效,正面
1376,包装,包好装好,包装,正面
1376,整体,不错,整体,正面
1377,_,很喜欢满意,整体,正面
1378,整体,很好用,整体,正面
1378,成分,很多,成分,正面
1378,价格,实惠,价格,正面
1379,清爽不油腻,清爽不油腻,使用体验,正面
1379,遮瑕效果,不理想,使用体验,负面
1380,_,_,_,_
1381,滋润,特别,功效,正面
1381,美白效果,特别,功效,正面
1381,气味,香香的,气味,正面
1381,_,一点都不厚重,使用体验,正面
1381,_,特别好用,整体,正面
1382,整体,比较好用,整体,正面
1383,使用体验,用起来不油腻,使用体验,正面
1383,使用体验,挺补水的,使用体验,正面
1383,使用体验,用完脸滑滑的,使用体验,正面
1383,使用体验,嫩嫩的,使用体验,正面
1384,_,不错,整体,正面
1384,_,好用,整体,正面
1384,_,超补水,功效,正面
1385,价格,合适,价格,正面
1385,_,大爱,整体,正面
1386,粉质,细腻,其他,正面
1387,洗完脸后的感受,不会油油的,使用体验,正面
1387,洗完脸后的感受,不会感觉紧绷,使用体验,正面
1388,_,用着可以,整体,正面
1388,香味,不是那么冲是可清新的,气味,正面
1388,包装,也不错,包装,正面
1389,_,_,_,_
1390,洗面奶,很好用,使用体验,正面
1391,_,_,_,_
1392,物流,及时,物流,正面
1392,商品,效果不错,功效,正面
1393,快递,很快,物流,正面
1393,客服态度,很好,服务,正面
1394,包装,挺好的,包装,正面
1394,物流,很快,物流,正面
1394,效果,不错,功效,正面
1395,真伪,不知道是不是正品,真伪,负面
1395,_,挺好用的,整体,正面
1396,_,差评,整体,负面
1396,_,什么都没有,整体,负面
1397,遮瑕效果,不是特别好,功效,负面
1398,质量,好,其他,正面
1398,价格,优,价格,正面
1399,包装,连个包装都没有，就胶袋装,包装,负面
1399,_,真假很难说,真伪,负面
1400,价格,低,价格,正面
1400,使用体验,还好用,使用体验,正面
1400,_,一直不用,使用体验,负面
1400,_,可以好好用,使用体验,正面
1401,_,_,_,_
1402,_,_,_,_
1403,_,_,_,_
1404,_,可以的,整体,正面
1405,价格,还不错,价格,正面
1406,使用体验,太黏了,使用体验,负面
1406,使用体验,吸收的也不好,使用体验,负面
1407,保湿,很水润,功效,正面
1407,_,快递也很快,物流,正面
1408,价格,超级划算,价格,正面
1409,_,好用,整体,正面
1409,_,经常用,整体,中性
1410,使用体验,很好用,使用体验,正面
1410,使用体验,水水的,使用体验,正面
1411,_,不错,整体,正面
1411,包装,好看,包装,正面
1411,_,还不错,整体,正面
1412,物流,发货快送货上门方便,物流,正面
1413,_,_,_,_
1414,包装,太旧了,包装,负面
1414,_,感觉自己买到的不会是假的吧,真伪,中性
1414,_,还没有生产日期,其他,负面
1415,价格,物美价廉,价格,正面
1415,面膜,效果非常好,功效,正面
1415,配送,特别快,物流,正面
1415,服务,很好,服务,正面
1416,质量,不咋地,整体,负面
1416,面膜纸,不行,使用体验,负面
1417,气味,不好闻,气味,负面
1418,_,好用,整体,正面
1418,_,不油腻,使用体验,正面
1418,_,价格实惠,价格,正面
1419,真伪,是正品,真伪,正面
1419,成分,没有激素,成分,正面
1419,使用体验,吸收也还不错,使用体验,正面
1419,_,好评哦,整体,正面
1420,使用体验,用着还不错,使用体验,正面
1420,_,价格实惠,价格,正面
1421,快递,就是快,物流,正面
1422,_,_,_,_
1423,_,_,_,_
1424,香味,淡淡的,气味,中性
1424,泡沫,丰富,使用体验,正面
1424,_,要多冲洗几次才能洗干净,使用体验,负面
1425,包装,完好,包装,正面
1425,物流,很快,物流,正面
1426,_,白了一度呢,整体,正面
1426,快递,辛苦,物流,正面
1427,_,很好,整体,正面
1427,_,很喜欢,整体,正面
1427,_,保湿,功效,正面
1428,物流,很快,物流,正面
1429,提亮肤色,瞬间,使用体验,正面
1429,不卡粉,不卡粉,使用体验,正面
1429,使用体验,很不错,使用体验,正面
1430,包装,非常精美,包装,正面
1431,_,不错,整体,正面
1431,_,值得拥有,整体,正面
1432,量,很足,其他,正面
1432,精华液,很多,其他,正面
1433,_,挺好用,整体,正面
1433,价格,美丽,价格,正面
1434,_,_,_,_
1435,肤色,显得很好,其他,正面
1436,_,很好,整体,正面
1437,_,_,_,_
1438,吸收,挺好,使用体验,正面
1438,吸收,容易吸收,使用体验,正面
1438,_,水嫩水嫩的,使用体验,正面
1439,护肤品,不错,整体,正面
1439,卸妆水,效果不错,功效,正面
1439,卸妆水,不刺激,使用体验,正面
1440,_,很舒适,使用体验,正面
1440,_,非常细腻,使用体验,正面
1441,_,_,_,_
1442,整体,还行,整体,中性
1443,使用体验,还可以,使用体验,中性
1443,_,鼻翼两侧有点卡,使用体验,负面
1444,整体,差差差差差,整体,负面
1444,功效,一点都不补水,功效,负面
1445,_,不错,整体,正面
1445,_,质量刚刚的,整体,中性
1446,起泡,不是很多,使用体验,负面
1446,产品,很温和,使用体验,正面
1446,快递,运输可能有折痕,物流,负面
1447,_,好,整体,正面
1447,_,又快又给力,物流,正面
1448,使用体验,很好用,使用体验,正面
1448,使用体验,很显白,使用体验,正面
1448,使用体验,特别好推开,使用体验,正面
1448,使用体验,使用感和**的差不多,使用体验,中性
1448,物流,**送货也很快,物流,正面
1449,使用体验,特别拔干,使用体验,负面
1449,使用体验,不好推开,使用体验,负面
1450,价格,便宜多了,价格,正面
1451,_,还不错,整体,正面
1452,尺寸,很小,尺寸,负面
1453,物流,很给力,物流,正面
1454,使用体验,很自然,使用体验,正面
1455,_,非常好用,整体,正面
1455,_,不干持久度好,使用体验,正面
1456,_,_,_,_
1457,物流,快,物流,正面
1457,物流,方便快捷,物流,正面
1458,_,_,_,_
1459,_,没多大变化,整体,负面
1460,包装,还是一样的,包装,中性
1460,洗面奶,不够用,使用体验,负面
1461,_,_,_,_
1462,味道,跟以往有些不一样了,气味,负面
1463,_,非常好用,整体,正面
1463,_,已经是第三四次了,整体,正面
1464,隔离,挺好用的,使用体验,正面
1465,_,很好,整体,正面
1466,清洁能力,一般,功效,中性
1467,真伪,是正品,真伪,正面
1467,_,以后就**了,整体,正面
1468,_,_,_,_
1469,_,挺好用的,整体,正面
1470,_,全五星,整体,正面
1471,_,_,_,_
1472,_,_,_,_
1473,_,好,整体,正面
1473,_,值了,整体,正面
1474,自然色,很相近,其他,正面
1474,_,上手简单易操作,使用体验,正面
1475,_,_,_,_
1476,_,_,_,_
1477,_,可以吧,整体,中性
1478,_,很划算,价格,正面
1478,味道,好闻,气味,正面
1479,效果,不错,功效,正面
1480,使用体验,挺舒服,使用体验,正面
1481,_,_,_,_
1482,卸妆,很干净,使用体验,正面
1482,卸妆,温和不刺激,使用体验,正面
1483,_,不错,整体,正面
1484,_,还可以,整体,中性
1484,_,有点干,整体,负面
1485,_,挺好用的,整体,正面
1485,_,清爽不粘腻,整体,正面
1486,_,值得信赖,整体,正面
1486,_,便宜,价格,正面
1486,_,挺好的,整体,正面
1487,物流,很快,物流,正面
1487,快递小哥态度,很好,服务,正面
1488,粉底液,特别好用,整体,正面
1489,_,一如既往的好,整体,正面
1490,_,看着很好,整体,正面
1490,_,用完回购,整体,正面
1490,服务,特好,服务,正面
1491,整体,很满意,整体,正面
1491,真伪,是正品,真伪,正面
1491,价格,很划算,价格,正面
1491,整体,下次有需要还会回购,整体,正面
1492,整体,超好用,整体,正面
1492,_,有点不开心,整体,负面
1492,价格,降价10元,价格,负面
1493,整体,好用又实惠,整体,正面
1494,皮肤,很水润,使用体验,正面
1495,整体,用着挺不错的,整体,正面
1496,整体,不错,整体,正面
1496,整体,挺好用的,整体,正面
1496,价格,买一赠一很划算,价格,正面
1497,_,正品,真伪,正面
1497,_,很快,物流,正面
1498,_,好评,整体,正面
1499,_,效果挺好,整体,正面
1500,量,太少了,其他,负面
1501,_,挺好用的,整体,正面
1501,_,很方便,整体,正面
1502,_,挺好用的,整体,正面
1502,_,用了皮肤挺滋润的,功效,正面
1502,快递,服务态度真的没得说了一个字好,服务,正面
1503,_,_,_,_
1504,_,不错,整体,正面
1504,_,很喜欢,整体,正面
1505,_,很好用,整体,正面
1505,_,推荐给朋友,整体,正面
1505,_,回购,整体,正面
1506,_,非常好,整体,正面
1507,功效,不错,功效,正面
1507,价格,合理,价格,正面
1507,物流,给力,物流,正面
1508,快递,超快,物流,正面
1508,购物,满意,整体,正面
1508,_,优惠力度很大,价格,正面
1508,_,没有用过这个牌子不知道怎么样,真伪,中性
1508,_,希望什么都好,整体,正面
1509,价格,有点小贵,价格,负面
1509,价格,贵,价格,负面
1509,_,物有所值,整体,正面
1509,_,值得信赖,整体,正面
1510,补水,很好用,功效,正面
1510,黑色清洁,不怎么样,功效,负面
1510,人鱼,不太好,其他,负面
1511,_,很好用,整体,正面
1511,价格,不会很贵,价格,正面
1512,保湿,一般吧,功效,中性
1513,价格,实惠,价格,正面
1513,_,老牌子,整体,正面
1514,发货速度,超快,物流,正面
1514,面膜,合适,使用体验,正面
1514,保湿效果,好,功效,正面
1515,遮瑕,还不错,使用体验,正面
1515,遮瑕,能,使用体验,正面
1515,遮瑕效果,看不出来,使用体验,正面
1516,价格,买一送一，超级划算,价格,正面
1517,气味,很好闻,气味,正面
1518,清洁能力,洗完了干爽舒服,功效,正面
1519,_,好用,整体,正面
1519,_,不油腻,使用体验,正面
1519,_,很自然,使用体验,正面
1519,_,服帖,使用体验,正面
1520,清洁能力,很好,功效,正面
1520,_,挺好闻,气味,正面
1520,_,挺好用的,使用体验,正面
1520,_,好评,整体,正面
1521,_,不喜欢,整体,负面
1521,_,很紧绷,其他,负面
1521,_,味道也不好,气味,负面
1522,_,非常好,整体,正面
1523,细腻,细腻,使用体验,正面
1523,_,自然,使用体验,正面
1524,面膜,很好用,整体,正面
1524,皮肤,水嫩,使用体验,正面
1524,皮肤,光泽,使用体验,正面
1524,_,不错,整体,正面
1524,_,超值,价格,正面
1525,_,挺好,整体,正面
1525,真伪,是正品,真伪,正面
1525,_,送了替换装,服务,正面
1526,质量,不错,整体,正面
1526,口碑,不错,整体,正面
1527,整体,好用,整体,正面
1527,整体,还回光顾的,整体,正面
1528,_,便宜,价格,正面
1528,_,很好用,整体,正面
1529,整体,效果不错,整体,正面
1530,_,_,_,_
1531,_,_,_,_
1532,使用体验,用完太白了,使用体验,负面
1532,使用体验,涂的很少的一点点都不行,使用体验,负面
1533,_,_,_,_
1534,_,_,_,_
1535,包装,完好,包装,正面
1535,包装,跟图片上的差不多,包装,中性
1536,_,_,_,_
1537,成分,安全,成分,正面
1537,补湿效果,还可以,功效,中性
1537,_,值得一试,整体,正面
1538,_,非常好用,整体,正面
1538,_,不紧绷,使用体验,正面
1539,_,很滋润,整体,正面
1539,_,很自然,整体,正面
1539,_,挺满意的,整体,正面
1540,物流,很快,物流,正面
1540,快递师傅,很耐心,服务,正面
1541,_,味道不错很好闻,气味,正面
1542,_,不错,整体,正面
1542,_,给力,整体,正面
1543,_,伪劣品,真伪,负面
1544,头发,油的更快了,使用体验,负面
1545,_,很实惠,价格,正面
1545,_,不错,整体,正面
1546,尺寸,小的,尺寸,负面
1546,_,没有粉扑,其他,负面
1547,_,物美价廉,整体,正面
1548,_,_,_,_
1549,物流,很快,物流,正面
1549,卸妆水,那么大一瓶,尺寸,正面
1549,卸妆水,超乎想象,整体,正面
1550,整体,挺好用的,整体,正面
1551,质量,不错,整体,正面
1551,_,超级划算,价格,正面
1552,面膜,非常好用,整体,正面
1552,膜,服帖,使用体验,正面
1552,_,用几天明显提亮肤色,功效,正面
1553,_,_,_,_
1554,_,不错,整体,正面
1554,_,继续光顾,整体,正面
1555,_,挺好,整体,正面
1556,_,不错,整体,正面
1557,_,_,_,_
1558,_,便宜,价格,正面
1559,_,_,_,_
1560,保湿,很,使用体验,正面
1560,价格,很实惠,价格,正面
1561,_,_,_,_
1562,_,不错,整体,正面
1563,_,_,_,_
1564,配送,很快,物流,正面
1565,_,还不错,整体,正面
1566,_,不错,整体,正面
1566,_,好使,整体,正面
1566,_,挺好,整体,正面
1567,使用体验,不油腻,使用体验,正面
1567,使用体验,很好上妆,使用体验,正面
1567,使用体验,擦一天都不油腻,使用体验,正面
1567,整体,喜欢,整体,正面
1568,包装,换了新包装,包装,中性
1568,物流,送货快,物流,正面
1568,_,服务好,服务,正面
1568,_,质量不错,整体,正面
1569,_,挺好用的,整体,正面
1570,_,好开心,整体,正面
1571,物流,快,物流,正面
1572,_,不错,使用体验,正面
1572,_,很值,整体,正面
1572,_,不喜欢,气味,负面
1573,_,_,_,_
1574,整体,特别好,整体,正面
1575,_,_,_,_
1576,_,东西很满意,整体,正面
1576,快递,速度杠杠滴,物流,正面
1576,快递,态度不错,服务,正面
1577,面膜,没有,使用体验,正面
1577,面膜,挺补水的,使用体验,正面
1577,面膜,看好,整体,正面
1578,_,不知道效果好不好,整体,中性
1578,_,应该是真的吧,真伪,正面
1579,_,很不错,整体,正面
1579,_,值得购买,整体,正面
1580,_,还可以,整体,中性
1580,_,正品,真伪,正面
1580,_,赠品也很多,其他,正面
1581,_,_,_,_
1582,_,值得信赖,整体,正面
1583,_,非常好,整体,正面
1583,_,物超所值,整体,正面
1584,_,还不错,整体,正面
1584,_,方便快捷,整体,正面
1585,隔离,非常不错,整体,正面
1585,T区,比暗黄擦上有很明显效果,使用体验,正面
1585,_,不容易脱妆,使用体验,正面
1586,_,_,_,_
1587,效果,还是不错的,功效,正面
1587,_,比较水润,使用体验,正面
1587,_,不油腻,使用体验,正面
1587,_,很清爽,使用体验,正面
1588,整体,非常好用,整体,正面
1588,质量,一如既往的好,真伪,正面
1589,效果,非常棒,功效,正面
1589,_,嫩嫩的,使用体验,正面
1590,气味,很好闻,气味,正面
1590,_,变得白皙一些,功效,正面
1591,_,有点干,整体,负面
1591,_,总体还可以,整体,正面
1591,_,值得购买,整体,正面
1592,_,很喜欢,整体,正面
1592,气味,很淡,气味,中性
1592,_,不厚重,使用体验,正面
1592,_,价格也不贵,价格,正面
1592,气味,淡淡的亮,气味,中性
1593,整体,一般,整体,中性
1593,保持时间,比较短,功效,负面
1593,保湿,还行,功效,正面
1593,浮粉,没有,使用体验,正面
1594,卸妆,挺干净的,使用体验,正面
1595,_,还可以,整体,中性
1596,价格,很划算,价格,正面
1596,整体,试试看,整体,中性
1596,整体,好用,整体,正面
1597,量,挺多的,其他,正面
1597,_,怎么样,整体,中性
1598,_,不过敏,使用体验,正面
1598,_,挺好的,整体,正面
1598,_,便宜,价格,正面
1599,袋子里面的精华液,没有我在实体店多,其他,负面
1599,_,有点小失望,整体,负面
1600,_,_,_,_
1601,价格,和平时也差不多,价格,中性
1601,_,还行,整体,中性
1602,价格,便宜,价格,正面
1602,_,一般,整体,中性
1603,整体,总体还是不错的,整体,正面
1603,遮瑕效果,不错,功效,正面
1603,海绵,脱落,其他,负面
1604,物流,快,物流,正面
1604,价格,便宜,价格,正面
1605,使用体验,非常好,使用体验,正面
1605,使用体验,非常滋润,使用体验,正面
1605,遮瑕效果,又遮瑕,功效,正面
1605,气味,淡淡的香味,气味,正面
1606,使用体验,非常好用,使用体验,正面
1606,功效,提亮效果明显,功效,正面
1606,使用体验,不卡粉,使用体验,正面
1606,使用体验,特别服帖,使用体验,正面
1606,_,值得拥有,整体,正面
1607,气味,淡些,气味,负面
1608,快递,很快,物流,正面
1609,_,_,_,_
1610,滋润度,没有之前买的粉瓶更滋润,使用体验,负面
1610,质地,比较稀,使用体验,负面
1611,_,很好用的,整体,正面
1611,_,很滋润,使用体验,正面
1611,_,是我想要的,整体,正面
1612,外壳,软趴趴的,其他,负面
1612,设计,有问题,其他,负面
1612,外壳,能改进,其他,正面
1612,外壳,又瘦又长,其他,负面
1612,外壳,放都不好放,其他,负面
1613,水,挺多,其他,正面
1613,整体,还不错,整体,正面
1613,_,算是2.1一片,其他,中性
1614,_,挺喜欢,整体,正面
1615,_,真心不错,整体,正面
1615,_,值得购买,整体,正面
1616,产品,滋润,使用体验,正面
1616,产品,服帖,使用体验,正面
1616,卖家,赠送了更多东西,服务,正面
1616,精油皂,好可爱啊,其他,正面
1616,_,以后还会来,整体,正面
1617,_,非常的不错,整体,正面
1617,_,送的东西也很多,包装,正面
1617,_,有淡淡的清香,气味,正面
1618,_,_,_,_
1619,整体,感觉不错,整体,正面
1620,使用体验,用起来很不错,使用体验,正面
1620,量,量也很足,尺寸,正面
1620,出水口设计,设计的很棒,使用体验,正面
1621,_,感觉很好,整体,正面
1621,服务,商家很热心,服务,正面
1621,包装,送了一个面膜盒,包装,正面
1621,_,体贴入微,整体,正面
1621,_,使我心想事成,整体,正面
1622,尺寸,好小,尺寸,负面
1623,价格,超级划算,价格,正面
1623,_,颜色很自然,使用体验,正面
1624,持久性,很持久,使用体验,正面
1624,_,挺舒服,使用体验,正面
1625,_,还不错,整体,正面
1626,_,高大上,整体,正面
1626,_,精致,整体,正面
1626,_,好多,其他,正面
1627,_,_,_,_
1628,清洁能力,一般般吧,功效,中性
1629,_,物有所值,整体,正面
1630,洗面奶,轻,真伪,负面
1630,洗面奶,像水一样的,使用体验,负面
1630,洗面奶,不知是不是假的,真伪,负面
1631,物流配送服务,非常好,服务,正面
1631,包装,升级,包装,正面
1631,品质,不变,其他,中性
1632,_,物超所值,整体,正面
1632,_,棒棒哒,整体,正面
1633,_,很好用,整体,正面
1633,_,很喜欢,整体,正面
1634,_,挺好用的,整体,正面
1635,价格,很合适,价格,正面
1635,物流,一天就到,物流,正面
1636,颜色,不喜欢,其他,负面
1637,_,非常喜欢,整体,正面
1637,_,一直用很好,整体,正面
1637,_,性价比高,价格,正面
1637,_,值得购买,整体,正面
1638,使用体验,好用,使用体验,正面
1638,使用体验,滑滑的,使用体验,正面
1639,物流,超快,物流,正面
1639,产品质量,信得过,整体,正面
1639,_,一直支持关注下去,整体,正面
1640,_,非常好,整体,正面
1640,_,很满意,整体,正面
1640,效果,不错,功效,正面
1640,物流,很快,物流,正面
1640,_,用完了还会买,整体,正面
1641,_,非常喜欢,整体,正面
1642,价格,很便宜,价格,正面
1642,价格,很划算,价格,正面
1643,_,_,_,_
1644,_,_,_,_
1645,使用体验,好用,使用体验,正面
1646,物流,快,物流,正面
1646,包装,好,包装,正面
1647,颜色,很好,其他,正面
1647,_,也不觉得干,使用体验,正面
1647,_,很容易划开,使用体验,负面
1648,物流,挺快的,物流,正面
1649,_,_,_,_
1650,_,挺好用的,整体,正面
1651,_,_,_,_
1652,_,非常好,整体,正面
1652,气味,有淡淡的香,气味,正面
1652,_,很喜欢,整体,正面
1653,气味,特别喜欢这个味道,气味,正面
1653,_,可惜没有送小样,其他,负面
1654,整体,性价比很高,整体,正面
1654,整体,很好用,整体,正面
1654,价格,双十一价格超级优惠,价格,正面
1654,整体,很满意,整体,正面
1655,温和,很温和,使用体验,正面
1655,温和,很温和,功效,正面
1656,_,很好用,整体,正面
1657,_,不错,整体,正面
1657,_,很好用,整体,正面
1657,_,很亮,使用体验,正面
1657,_,很不错,整体,正面
1658,_,真的不错,整体,正面
1658,_,可以放心购买,整体,正面
1659,护肤品,便宜,价格,正面
1659,护肤品,好用,使用体验,正面
1660,_,还行吧,整体,中性
1660,_,一分钱一分货,整体,中性
1661,价格,实惠,价格,正面
1662,补水效果,很棒,功效,正面
1663,_,不错,整体,正面
1663,_,便宜,价格,正面
1663,_,相当不错,整体,正面
1664,售后,要打电话给售后,服务,负面
1664,客服,在线客服不管,服务,负面
1664,_,郁闷了,整体,负面
1665,_,很棒,整体,正面
1665,_,好用,整体,正面
1666,保湿,很,功效,正面
1666,味道,好闻,气味,正面
1666,_,不错,整体,正面
1667,保湿,不错,功效,正面
1668,_,价格实惠,价格,正面
1668,_,有点少,整体,负面
1669,使用体验,很舒服不紧绷,使用体验,正面
1670,快递,很给力,物流,正面
1670,气味,很香,气味,正面
1671,_,不错,整体,正面
1671,_,不油腻,使用体验,正面
1671,_,润润的,使用体验,正面
1672,遮瑕效果,也行,功效,正面
1673,颜色,不怎么白,其他,负面
1673,持久度,掉妆,使用体验,负面
1674,气味,酒精味道特别大，刺鼻,气味,负面
1675,补水效果,很好,功效,正面
1676,_,有点用,整体,中性
1677,质量,很好,整体,正面
1677,服务,好,服务,正面
1677,物流,快,物流,正面
1678,_,性价比又高,整体,正面
1678,_,很便宜,价格,正面
1679,盒子,漂亮,包装,正面
1679,粉扑,透明,其他,负面
1680,_,物美价廉,整体,正面
1681,价格,不错,价格,正面
1681,_,掉毛,其他,负面
1682,物流,很快,物流,正面
1682,包装,也不错,包装,正面
1682,_,没有什么损坏,包装,正面
1682,_,买来尝试看看,整体,中性
1682,_,对干皮算友好,使用体验,正面
1682,_,很滋润,使用体验,正面
1682,_,成膜速度一般,使用体验,中性
1682,_,有轻微泛白的效果,使用体验,负面
1683,_,_,_,_
1684,补水效果,很好,功效,正面
1685,分量,足,其他,正面
1685,整体,还不错,整体,正面
1686,_,特别满意,整体,正面
1686,_,感谢,服务,正面
1687,粉,细腻,使用体验,正面
1687,上脸效果,很好,使用体验,正面
1687,_,很满意,整体,正面
1688,整体,好用的,整体,正面
1688,整体,不用尝试其他的,整体,正面
1689,包装,老包装,包装,中性
1689,包装,新包装,包装,中性
1690,质量,放心,其他,正面
1691,_,不错,整体,正面
1692,_,还不错,整体,正面
1692,_,好东西,整体,正面
1693,_,送了很多东西,其他,正面
1693,_,谢谢店家,服务,正面
1693,_,谢谢客服,服务,正面
1694,气味,香,气味,正面
1694,包装,不错,包装,正面
1694,整体,碎到了,整体,负面
1694,_,买个教训,整体,负面
1694,_,中评,整体,中性
1695,物流,速度基本没的说,物流,正面
1695,包装,表面被压扁了,包装,负面
1696,_,_,_,_
1697,物流,很快,物流,正面
1697,_,挺好用的,使用体验,正面
1697,_,好评,整体,正面
1698,功效,可以,功效,中性
1698,_,平价好用,整体,正面
1698,_,买了33片，又赠了一盒20片，一共53片,整体,中性
1699,商品,没的说,整体,正面
1699,商品,看着和图片一样,整体,正面
1699,质量,没问题,整体,正面
1700,_,不错,整体,正面
1700,_,很自然,整体,正面
1701,_,_,_,_
1702,_,_,_,_
1703,_,_,_,_
1704,_,_,_,_
1705,_,_,_,_
1706,_,_,_,_
1707,价格,物有所值,价格,正面
1708,快递,好棒,物流,正面
1708,物流,下午就收到了,物流,正面
1708,_,希望好用,整体,中性
1708,_,没送任何东西,包装,负面
1708,_,有点小失望,整体,负面
1709,效果,很不错,功效,正面
1709,快递,很给力,物流,正面
1710,_,还不错,整体,正面
1710,_,挺好用的,整体,正面
1711,使用体验,涂不开,使用体验,负面
1711,使用体验,不好用,使用体验,负面
1712,包装,很好,包装,正面
1712,快递,很给力,物流,正面
1712,_,跟其他面膜没什么区别,整体,中性
1712,_,还可以,整体,中性
1713,使用体验,很好用,使用体验,正面
1713,_,洗了很干净,使用体验,正面
1713,_,不紧绷,使用体验,正面
1714,物流,很快,物流,正面
1715,卸妆,干净,使用体验,正面
1715,卸妆,温和不刺激,使用体验,正面
1715,_,好用,整体,正面
1716,_,很喜欢,整体,正面
1717,_,好用,整体,正面
1717,_,超级好用,整体,正面
1718,_,_,_,_
1719,物流,准时,物流,正面
1720,_,超级好用,整体,正面
1721,_,一如既往地支持,整体,正面
1721,_,好评,整体,正面
1722,隔离,很好用,整体,正面
1722,隔离,美白,功效,正面
1722,_,不干,使用体验,正面
1722,_,很自然,使用体验,正面
1722,_,谢谢,服务,正面
1723,价格,很实惠,价格,正面
1724,_,不错,整体,正面
1724,_,很满意,整体,正面
1725,颜色,很自然,其他,正面
1725,_,觉得很值,价格,正面
1726,_,服务也不咋滴,服务,负面
1726,_,价格幅度大,价格,负面
1726,_,谨慎购买,整体,负面
1727,_,_,_,_
1728,商品,不错,整体,正面
1728,物流,快,物流,正面
1728,服务态度,很好,服务,正面
1729,_,_,_,_
1730,_,很不错,整体,正面
1731,_,还不错,整体,正面
1732,_,非常棒,整体,正面
1732,价格,很奈斯,价格,正面
1733,补水,确实很,功效,正面
1733,精华,超级多的,其他,正面
1733,_,每次敷完还很多水,使用体验,正面
1734,_,_,_,_
1735,隔离霜,很不错,整体,正面
1736,物流,很快,物流,正面
1737,_,_,_,_
1738,整体,很好,整体,正面
1738,价格,实惠,价格,正面
1738,物流,很快,物流,正面
1739,快递,太快了,物流,正面
1740,皮肤,非常光滑,使用体验,正面
1741,补水效果,很好,功效,正面
1741,对皮肤,无刺激,使用体验,正面
1741,整体,超赞,整体,正面
1742,物流,快,物流,正面
1742,价格,合适,价格,正面
1742,整体,不错,整体,正面
1743,_,还可以,整体,中性
1743,_,能够起到遮暇的作用,功效,正面
1744,_,_,_,_
1745,BB霜,特别好用,使用体验,正面
1746,温和度,比较好,功效,正面
1746,卸妆效果,比较干净,功效,正面
1746,_,挺好,整体,正面
1747,效果,很好,功效,正面
1748,卸妆,干净,使用体验,正面
1748,卸妆,不紧绷,使用体验,正面
1748,_,会回购,整体,正面
1748,_,送小样,其他,正面
1749,_,还挺好,整体,正面
1750,洗过,还不错,使用体验,正面
1750,_,不紧绷,使用体验,正面
1751,_,_,_,_
1752,_,差不多,整体,中性
1752,盒子,挺好,包装,正面
1753,使用体验,挺好用的,使用体验,正面
1753,质地,比较细腻,使用体验,正面
1753,使用体验,一点都不干燥,使用体验,正面
1753,气味,味道也很好闻,气味,正面
1753,赠品,还送了两个替换的,其他,正面
1754,_,_,_,_
1755,_,_,_,_
1756,_,不怎么样,整体,负面
1756,_,不太喜欢,整体,负面
1757,面膜,很好用,使用体验,正面
1758,_,很喜欢,整体,正面
1758,_,好舒服,使用体验,正面
1758,_,下次还会再来,整体,正面
1759,_,_,_,_
1760,客服,不回复,服务,负面
1760,_,调子高的很,其他,负面
1761,_,_,_,_
1762,使用体验,大救星,使用体验,正面
1762,使用体验,很细润,使用体验,正面
1763,遮红,挺好挺自然,使用体验,正面
1764,气味,很香,气味,正面
1765,_,还不错,整体,正面
1765,_,不油腻,整体,正面
1766,_,很不错,整体,正面
1766,_,应该还可以,整体,正面
1766,_,应该还不错,整体,正面
1767,整体,挺好的,整体,正面
1767,新鲜度,日期太靠前了,新鲜度,负面
1768,物流,给力,物流,正面
1768,_,喜欢,整体,正面
1768,_,值得信赖,整体,正面
1769,_,便宜,价格,正面
1769,_,贼快,物流,正面
1770,包装,很可爱,包装,正面
1771,价格,合理,价格,正面
1771,赠品,有,其他,正面
1771,物流,很快,物流,正面
1772,_,_,_,_
1773,清洁效果,太稀了,使用体验,负面
1773,清洁效果,不如之前买的,使用体验,负面
1773,清洁效果,清洁能力一般,使用体验,中性
1774,价格,物美价廉,价格,正面
1774,使用体验,非常满意,使用体验,正面
1774,功效,补水效果很好,功效,正面
1774,尺寸,大小也刚好,尺寸,正面
1774,整体,值得购买,整体,正面
1775,_,_,_,_
1776,洗面奶,还行,整体,中性
1776,睡眠面膜,过敏,使用体验,负面
1776,店家,太不负责,服务,负面
1777,补水效果,很好,功效,正面
1778,使用体验,挺好的,使用体验,正面
1778,使用体验,也不油腻,使用体验,正面
1778,使用体验,成膜快,使用体验,正面
1778,功效,防晒效果好一点,功效,正面
1779,_,实惠,价格,正面
1779,包装,完美,包装,正面
1780,包装,非常仔细、严实,包装,正面
1780,发货速度,非常快,物流,正面
1781,_,很好,整体,正面
1782,_,_,_,_
1783,面膜,很舒服,使用体验,正面
1783,面膜,很柔滑,使用体验,正面
1783,面膜,不硬,使用体验,正面
1783,面膜,没有刺痛,使用体验,正面
1783,面膜,补水,功效,正面
1783,面膜,觉得很好,整体,正面
1784,物流,很快,物流,正面
1784,_,有点小贵,价格,负面
1785,_,不错,整体,正面
1785,_,很喜欢,整体,正面
1786,使用体验,很好用,使用体验,正面
1786,整体,棒棒的,整体,正面
1786,价格,很划算,价格,正面
1786,物流,发货和送货速度也很快,物流,正面
1787,服务,很好,服务,正面
1787,物流,很快,物流,正面
1788,整体,挺好用的,整体,正面
1788,功效,很补水,功效,正面
1788,成分,精华液很多,成分,正面
1789,质量,好,整体,正面
1789,物流,快,物流,正面
1790,_,超级喜欢,整体,正面
1790,_,喜欢,整体,正面
1790,_,特别舒服,整体,正面
1790,_,没有过敏现象,使用体验,正面
1790,_,不刺激皮肤,使用体验,正面
1790,_,很好,整体,正面
1791,包装,看,包装,中性
1792,水润,比较水润,使用体验,正面
1792,调整肤色,比较自然,使用体验,正面
1793,整体,蛮喜欢,整体,正面
1793,真伪,日期到2020年,真伪,负面
1794,物流,很快,物流,正面
1794,_,希望好用,整体,中性
1795,_,_,_,_
1796,使用体验,好痒,使用体验,负面
1796,使用体验,感觉过敏,使用体验,负面
1797,物流,中午下单，晚上就收到了,物流,正面
1797,_,很好,整体,正面
1797,_,是正品,真伪,正面
1798,服务态度,好,服务,正面
1798,快递,很快,物流,正面
1799,整体,挺好用的,整体,正面
1799,_,可惜被孩子打碎了,其他,负面
1800,_,非常不错,整体,正面
1801,_,特价,价格,正面
1801,_,赠送,其他,正面
1801,_,希望,功效,正面
1802,_,_,_,_
1803,面膜,很好用,整体,正面
1803,面膜,挺薄,尺寸,中性
1803,面膜,很水润,使用体验,正面
1804,质量,不错,整体,正面
1805,尺寸,一点点,尺寸,负面
1806,真伪,是正品,真伪,正面
1806,物流,也快,物流,正面
1806,物流,头天订的，第二天就到了,物流,正面
1807,水口,太大了,其他,负面
1808,包装箱,挺好,包装,正面
1808,_,期待是正品,真伪,中性
1808,_,期待好用,使用体验,中性
1809,隔离霜,不错,整体,正面
1810,真伪,是正品,真伪,正面
1811,_,很好用,整体,正面
1811,_,滋润,使用体验,正面
1811,_,不油腻,使用体验,正面
1811,_,不紧绷,使用体验,正面
1811,_,喜欢,整体,正面
1812,_,挺好用的,整体,正面
1812,_,我我喜欢,整体,正面
1812,_,很自然,使用体验,正面
1813,面膜,效果不错,功效,正面
1813,面膜,脸湿湿的,使用体验,中性
1814,整体,很好用,整体,正面
1814,价格,特价,价格,正面
1815,_,_,_,_
1816,_,非常不错,整体,正面
1816,气味,淡淡的香味,气味,正面
1816,_,很自然,整体,正面
1817,_,特别实惠,价格,正面
1817,_,用着比较水润,使用体验,正面
1817,_,喜欢,整体,正面
1818,使用体验,挺好用的,使用体验,正面
1818,功效,隔离效果超级棒,功效,正面
1818,_,有赠品,其他,正面
1818,_,比较完美,整体,正面
1818,_,还会回购,整体,正面
1819,_,_,_,_
1820,_,不错,整体,正面
1820,物流,发货快,物流,正面
1820,_,东西好,整体,正面
1821,贴肤,好用,使用体验,正面
1821,价格,买一送一划算,价格,正面
1822,质量,不错,整体,正面
1822,客服态度,很好,服务,正面
1822,_,很好满意,整体,正面
1823,_,一点效果都没有,整体,负面
1824,量,太少了,其他,负面
1824,_,用的还可以,使用体验,正面
1825,包装,太简陋了,包装,负面
1826,整体,这么差的东西,整体,负面
1826,使用体验,每次洗完脸眼睛都疼的要命,使用体验,负面
1827,整体,特别好用,整体,正面
1827,物流,发货也特别快,物流,正面
1827,物流,第二天就到了,物流,正面
1827,_,还送了好多礼物,其他,正面
1828,卸妆效果,挺干净的,使用体验,正面
1829,_,还不错,整体,正面
1830,_,非常好用,整体,正面
1830,_,支持,其他,正面
1830,_,推荐,其他,正面
1831,_,不错,整体,正面
1831,_,赞一个,整体,正面
1831,_,呵呵呵呵,整体,中性
1832,_,不怎么好用,整体,负面
1833,_,_,_,_
1834,快递,???,物流,中性
1835,_,挺好用,整体,正面
1835,_,很柔和,整体,正面
1835,_,不紧绷,使用体验,正面
1836,补水效果,不错,功效,正面
1837,_,物美价廉,整体,正面
1837,_,值得购买,整体,正面
1838,_,忽悠人,其他,负面
1839,_,值得信赖,整体,正面
1840,保湿,很好,功效,正面
1840,皮肤,很润,使用体验,正面
1841,_,很好,整体,正面
1841,_,保湿,功效,正面
1842,_,还不错,整体,正面
1843,_,很合适,整体,正面
1843,_,都够一年的了,整体,正面
1844,速度,很快,物流,正面
1844,_,蛮好的,整体,正面
1845,精华,挺多的,成分,正面
1845,_,还不错,整体,正面
1846,_,_,_,_
1847,_,_,_,_
1848,卸妆效果,差,功效,负面
1849,_,_,_,_
1850,_,不错,整体,正面
1851,_,挺好用的,整体,正面
1851,_,正品,真伪,正面
1852,物流,很快,物流,正面
1853,_,不错不错,整体,正面
1854,粉质,很重,其他,负面
1854,_,比较淡,其他,中性
1855,_,清爽,使用体验,正面
1855,_,不油腻,使用体验,正面
1856,_,好划算,价格,正面
1857,美白效果,还是有的,功效,正面
1858,上色,不够好,使用体验,负面
1859,_,_,_,_
1860,_,正品,真伪,正面
1860,_,很好用,整体,正面
1861,快递,给力,物流,正面
1862,卸妆,干净温和不刺激,使用体验,正面
1862,脸,滑滑的,使用体验,正面
1862,使用,舒服,使用体验,正面
1863,_,蛮期待的,整体,正面
1863,物流,很快,物流,正面
1864,物流,超快,物流,正面
1864,东西,很好,整体,正面
1865,粉质,带,其他,中性
1865,粉质,不带,其他,负面
1866,使用体验,满意,使用体验,正面
1866,使用体验,挺清爽的,使用体验,正面
1866,清洁效果,清洁也可以,功效,正面
1866,效果,用过感觉脸就好白了,功效,正面
1867,_,_,_,_
1868,_,很不错,整体,正面
1868,_,有增白效果,功效,正面
1869,_,不错,整体,正面
1869,_,挺好用的,整体,正面
1869,_,干净,使用体验,正面
1869,_,不紧绷,使用体验,正面
1870,整体,很好,整体,正面
1870,_,方便,其他,正面
1870,_,优惠,价格,正面
1870,_,质量保证,真伪,正面
1870,物流,快,物流,正面
1870,整体,炒鸡满意,整体,正面
1871,适合干皮,适合,使用体验,正面
1871,适合油皮,有点油,使用体验,负面
1872,_,_,_,_
1873,遮瑕,不是很好,功效,负面
1874,_,好用,整体,正面
1875,_,非常满意,整体,正面
1876,_,_,_,_
1877,脱妆,太严重,使用体验,负面
1878,_,_,_,_
1879,_,_,_,_
1880,粉质,细腻,使用体验,正面
1880,粉质,服帖,使用体验,正面
1881,补水效果,应该是可以的,功效,正面
1882,_,挺好用的,整体,正面
1882,物流,第二天就用上了,物流,正面
1883,_,很实惠,价格,正面
1883,_,很满意,整体,正面
1883,_,速度超快,物流,正面
1884,_,_,_,_
1885,_,_,_,_
1886,_,很自然,整体,正面
1886,_,很细腻,整体,正面
1886,_,不干,使用体验,正面
1886,_,不过敏,使用体验,正面
1886,_,真的不错,整体,正面
1887,使用体验,特别好用,使用体验,正面
1887,物流,发货也特别快,物流,正面
1887,物流,第二天就到了,物流,正面
1887,_,还送了好多礼物,其他,正面
1887,_,值得购买,整体,正面
1888,整体,不错,整体,正面
1889,_,喜欢,整体,正面
1889,_,相信,整体,正面
1890,_,还不错,整体,正面
1891,价格,活动价格还不错,价格,正面
1891,_,够用很久了,整体,正面
1892,_,还不错,整体,正面
1893,_,_,_,_
1894,清爽不油腻,上脸,使用体验,正面
1894,吸收,很快,使用体验,正面
1894,设计,方便取用,包装,正面
1894,美白的效果,暂时没有看到,功效,负面
1894,包装,很好看,包装,正面
1895,整体,非常好,整体,正面
1895,整体,非常棒,整体,正面
1895,功效,补水,功效,正面
1895,功效,皮肤变得好多了,功效,正面
1896,_,_,_,_
1897,_,_,_,_
1898,服务态度,一点也不好,服务,负面
1898,_,过敏,其他,负面
1899,物流,好给力,物流,正面
1899,_,好喜欢,整体,正面
1900,_,不错,整体,正面
1900,_,下次就买你家了,整体,正面
1901,_,实惠,价格,正面
1902,面膜,挺不错的,使用体验,正面
1903,_,太快了,物流,正面
1903,_,不错,整体,正面
1903,_,挺好闻的,气味,正面
1904,_,还可以的,整体,中性
1905,泡沫,细腻柔软,使用体验,正面
1905,_,舒服,使用体验,正面
1905,包装,很好,包装,正面
1906,妆感,非常好,使用体验,正面
1907,使用体验,好用,使用体验,正面
1907,使用体验,用后不紧绷,使用体验,正面
1908,_,比较放心,整体,正面
1908,_,更划算,价格,正面
1909,滋润,比较,使用体验,正面
1909,干燥起皮,没有,使用体验,正面
1909,_,送了,服务,正面
1910,_,不错,整体,正面
1910,_,比较自然,整体,正面
1910,_,降价,价格,负面
1911,滋润乳,好,整体,正面
1911,补水效果,好,功效,正面
1911,_,不油腻,使用体验,正面
1912,面膜,挺好的,整体,正面
1913,包装,没有损坏,包装,正面
1913,包装,隔开,包装,负面
1914,整体,非常不错,整体,正面
1914,使用体验,很润,使用体验,正面
1915,效果,不错,功效,正面
1915,味道,淡淡的,气味,中性
1915,味道,挺好闻,气味,正面
1916,_,_,_,_
1917,产品,非常容易上装,整体,正面
1917,产品,效果不错,整体,正面
1918,物流,很快,物流,正面
1919,功效,一点都不好用,功效,负面
1919,价格,十几块,价格,负面
1919,功效,一点感觉都没有,功效,负面
1920,面膜,很服帖,使用体验,正面
1920,精华,清爽不粘,使用体验,正面
1921,包装,看起来不错,包装,正面
1921,尺寸,很大的一瓶,尺寸,正面
1921,_,还送了赠品,其他,正面
1921,_,物美价廉,价格,正面
1922,_,不错,整体,正面
1922,_,值得拥有,整体,正面
1923,_,很满意,整体,正面
1924,包装,没有保装盒,包装,负面
1925,水润,挺,使用体验,正面
1925,_,够用,整体,正面
1926,_,好用,整体,正面
1926,_,不过敏,使用体验,正面
1926,_,还买,整体,正面
1927,价格,非常实惠,价格,正面
1927,_,很舒服,使用体验,正面
1927,_,非常喜欢,整体,正面
1928,_,还可以的吧,整体,中性
1929,整体,很好,整体,正面
1929,价格,非常实惠,价格,正面
1929,服务,非常热情,服务,正面
1930,_,一点都不好用,整体,负面
1931,_,_,_,_
1932,_,挺好的,整体,正面
1933,_,物美价廉,整体,正面
1933,_,货真价实,整体,正面
1933,_,值得购买,整体,正面
1933,_,五星好评,整体,正面
1933,_,强烈推荐,整体,正面
1934,_,还可以吧,整体,中性
1934,_,还行,功效,正面
1935,_,超级划算,价格,正面
1935,_,很舒服,使用体验,正面
1935,_,值得信赖,整体,正面
1935,_,赞赞,整体,正面
1936,精华,太少,其他,负面
1937,_,_,_,_
1938,_,_,_,_
1939,_,很不错,整体,正面
1940,洗面奶,超棒的,整体,正面
1940,洗面奶,非常合适,整体,正面
1940,洗面奶,温和,使用体验,正面
1940,洗面奶,洗后又不绷紧,使用体验,正面
1940,洗面奶,很喜欢,整体,正面
1941,面膜,都不错,整体,正面
1942,价格,非常合算,价格,正面
1942,使用体验,皮肤润润的,使用体验,正面
1942,使用体验,一点不浪费,使用体验,正面
1943,包装,非常棒,包装,正面
1944,_,非常好,整体,正面
1944,_,好评,整体,正面
1944,_,好好好好好好,整体,正面
1945,包装,完好,包装,正面
1945,_,正品,真伪,正面
1946,_,非常好用,整体,正面
1946,_,柔和,使用体验,正面
1946,_,细腻,使用体验,正面
1946,_,美好,整体,正面
1946,_,喜欢,整体,正面
1946,_,下次再来回购,整体,正面
1947,_,红肿,其他,负面
1947,_,气愤,其他,负面
1948,_,_,_,_
1949,使用体验,一般般,使用体验,中性
1949,_,很干,使用体验,负面
1949,_,抹不开,使用体验,负面
1949,_,不服帖,使用体验,负面
1950,包装,精美,包装,正面
1950,日期,新鲜,新鲜度,正面
1950,_,有遮瑕效果,功效,正面
1951,保湿效果,不错,功效,正面
1952,泡沫,细腻丰富,使用体验,正面
1952,使用体验,洗完脸会有轻微紧绷感,使用体验,负面
1952,整体,不会回购了,整体,负面
1953,_,价格实惠,价格,正面
1954,赠品,只送了一片面膜,其他,负面
1954,赠品,不如前几次送得多,其他,负面
1955,_,挺水润的,使用体验,正面
1955,_,很喜欢,整体,正面
1956,_,很好用,整体,正面
1956,_,不过敏,整体,正面
1957,_,正品,真伪,正面
1957,_,很好,整体,正面
1957,_,用了好久了,整体,正面
1957,_,不过敏,使用体验,正面
1958,气味,淡淡的,气味,正面
1958,_,蛮好,整体,正面
1958,_,不油腻,使用体验,正面
1958,_,有增白效果,功效,正面
1959,保湿效果,不错,功效,正面
1959,服务态度,很好,服务,正面
1959,发货速度,快,物流,正面
1960,面膜,非常好用,整体,正面
1960,保湿,滋润,功效,正面
1961,物流,一般吧,物流,中性
1961,快递盒,被揉烂了,包装,负面
1961,包装盒,被挤坏了,包装,负面
1962,快递,挺快的,物流,正面
1962,包装,很好,包装,正面
1962,快递员服务,也好,服务,正面
1962,遮瑕效果,不很好,功效,负面
1963,_,默认好评,整体,正面
1963,_,值得信赖,整体,正面
1964,_,不错,整体,正面
1964,_,好用,使用体验,正面
1964,_,实惠,价格,正面
1964,_,推荐,整体,正面
1965,_,_,_,_
1966,快递,真快,物流,正面
1966,包装,简陋,包装,负面
1966,包装,袋子,包装,中性
1966,盒子,稍许破损,包装,负面
1967,_,_,_,_
1968,使用体验,比较方便,使用体验,正面
1969,使用体验,不太好用,使用体验,负面
1969,使用体验,太干,使用体验,负面
1970,_,_,_,_
1971,_,_,_,_
1972,物流,好快,物流,正面
1973,_,清爽,使用体验,正面
1973,_,推荐,整体,正面
1974,使用体验,擦在眼周围很刺眼,使用体验,负面
1974,整体,感觉买了一堆垃圾,整体,负面
1974,_,打算全扔了,整体,负面
1975,效果,很明显,功效,正面
1975,外观,很自然,其他,正面
1975,_,不会起皮,使用体验,正面
1975,味道,很不错的,气味,正面
1975,_,很清新,气味,正面
1975,_,感觉很不错,整体,正面
1976,_,_,_,_
1977,_,看着不错,整体,正面
1978,_,挺大一罐,尺寸,正面
1978,味道,还行,气味,中性
1978,涂上去,有点点白,使用体验,负面
1978,_,应该适合日常使用,整体,正面
1979,物流,很快,物流,正面
1980,_,实惠,价格,正面
1980,_,不错,整体,正面
1980,_,送了赠品,其他,正面
1981,味道,不大喜欢,气味,负面
1981,_,很舒服,使用体验,正面
1981,_,很不错,整体,正面
1982,使用体验,挺好用的,使用体验,正面
1982,使用体验,比较服帖自然,使用体验,正面
1982,服务,送了一瓶卸妆水,服务,正面
1982,物流,送过速度也很快,物流,正面
1982,整体,好评,整体,正面
1983,_,价格优惠,价格,正面
1983,_,好评,整体,正面
1984,_,正品,真伪,正面
1985,_,超划算,整体,正面
1985,_,挺补水的,使用体验,正面
1986,使用体验,用起来挺好的,使用体验,正面
1986,功效,遮瑕效果不错,功效,正面
1986,使用体验,肤色也提亮了好多,使用体验,正面
1986,赠品,赠品也多,其他,正面
1986,_,值得推荐,整体,正面
1987,面膜,挺好用的,使用体验,正面
1987,隔离霜,还不错,使用体验,正面
1987,隔离霜,涂得很均匀,使用体验,正面
1987,隔离霜,有股小清香,气味,正面
1988,使用体验,真的很滑,使用体验,负面
1989,_,挺好的,整体,正面
1990,整体,非常好用,整体,正面
1990,价格,不贵,价格,正面
1991,_,很好用,整体,正面
1991,_,很适合,整体,正面
1991,价格,更便宜些,价格,负面
1992,_,好用,整体,正面
1993,_,提亮,整体,正面
1993,_,不脱妆,使用体验,正面
1993,_,性价比高,价格,正面
1993,_,还会回购,整体,正面
1994,_,_,_,_
1995,整体,并没有那么好,整体,负面
1995,气味,味道淡淡的,气味,中性
1996,使用体验,很滋润不干,使用体验,正面
1997,使用体验,特别喜欢,使用体验,正面
1997,使用体验,凉凉的特别舒服,使用体验,正面
1997,使用体验,不刺激皮肤,使用体验,正面
1997,_,我会信赖到老了,整体,正面
1998,真伪,正品,真伪,正面
1998,气味,淡淡的香味,气味,正面
1998,整体,很棒,整体,正面
1998,包装,送了很多小礼品,包装,正面
1999,_,好,整体,正面
1999,_,值得推荐,整体,正面
2000,数量,好多啊,其他,正面
2000,价格,好实惠啊,价格,正面
2000,数量,八十片啊,其他,正面
2000,使用体验,非常好用,使用体验,正面
2001,物流,还行,物流,中性
2001,_,不太好,使用体验,负面
2001,_,不合适,整体,负面
2002,_,挺不错的,整体,正面
2003,外观,非常好看,其他,正面
2003,颜色,颜色自然,其他,正面
2003,代言,峰峰代言,其他,正面
2004,_,_,_,_
2005,_,挺好的,整体,正面
2006,使用体验,挺柔和的,使用体验,正面
2006,使用体验,不刺激,使用体验,正面
2006,使用体验,不怎么建议,使用体验,负面
2007,保湿效果,很好,功效,正面
2007,墨叶藻,最好用,其他,正面
2008,使用体验,洗完感觉脸上凉凉的,使用体验,负面
2009,价格,价格决定质量,价格,负面
2010,_,非常好用,整体,正面
2011,功效,不错,功效,正面
2012,卸妆水,很温和,使用体验,正面
2012,设计,好方便,使用体验,正面
2012,_,很贴心,服务,正面
2013,_,看着不错,整体,正面
2014,_,_,_,_
2015,_,_,_,_
2016,妆卸,蛮干净的,使用体验,正面
2016,按压式,不会浪费,使用体验,正面
2017,_,_,_,_
2018,补水保湿,可以,功效,正面
2018,_,五星好评,整体,正面
2019,客服,态度不好,服务,负面
2020,_,不错,整体,正面
2021,味道,太浓了,气味,负面
2021,泡沫,刺眼睛,使用体验,负面
2022,整体,还不错,整体,正面
2022,_,没有搓泥,使用体验,正面
2022,控油,没觉得特别好,功效,负面
2023,_,_,_,_
2024,价格,物美价廉,价格,正面
2024,物流,发货很快,物流,正面
2024,商品,图片相符,整体,正面
2024,_,值得购买,整体,正面
2024,_,五星好评,整体,正面
2025,_,挺好看用的,整体,正面
2026,清洗后效果,很不错,使用体验,正面
2027,_,_,_,_
2028,_,一般般,整体,中性
2029,使用体验,感觉还可以,使用体验,中性
2029,使用体验,比较轻薄,使用体验,正面
2030,_,_,_,_
2031,_,特别补水,功效,正面
2032,肤色,偏黄,其他,中性
2032,_,细腻,整体,正面
2032,_,自然,使用体验,正面
2032,_,送了很多赠品,服务,正面
2032,_,太好了,整体,正面
2033,_,挺好用的,整体,正面
2034,卸妆水,很温和,使用体验,正面
2034,卸妆水,还不错,整体,正面
2034,卸妆水,挺舒服的,使用体验,正面
2034,_,很划算,价格,正面
2034,_,超级实惠,价格,正面
2034,爽肤水,很好用,使用体验,正面
2034,_,推荐,整体,正面
2035,_,非常好用,整体,正面
2035,_,超级划算,价格,正面
2036,_,垃圾,整体,负面
2036,_,差评,整体,负面
2037,物流,特别快,物流,正面
2037,物流,送货到家,物流,正面
2037,_,特别好用,使用体验,正面
2037,_,太划算,价格,正面
2038,_,实惠,价格,正面
2039,_,不错,整体,正面
2039,_,好用,整体,正面
2040,_,很不错,整体,正面
2040,味道,也好,气味,正面
2041,_,_,_,_
2042,真伪,是正品,真伪,正面
2042,整体,满意,整体,正面
2043,物流,很快,物流,正面
2043,产品,挺不错,整体,正面
2044,物流,很给力,物流,正面
2045,_,这个价钱挺好的,价格,正面
2046,_,臭味,气味,负面
2047,_,还不错,整体,正面
2048,物流,真的快,物流,正面
2048,面膜,好用到爆,使用体验,正面
2048,精华,特别多,成分,正面
2049,香味,淡淡的,气味,正面
2049,使用体验,不腻,使用体验,正面
2050,_,还行,整体,中性
2050,大小,适合带去旅游,尺寸,正面
2050,包装,还可以,包装,中性
2051,使用体验,自然,使用体验,正面
2051,使用体验,不错,使用体验,正面
2052,_,好用,整体,正面
2052,_,很服帖,使用体验,正面
2053,气味,没有任何气味,气味,中性
2053,_,质地清爽,使用体验,正面
2053,_,不知是否正品,真伪,负面
2053,_,用一段时间看,其他,中性
2054,皮肤,发干,使用体验,负面
2054,皮肤,起皮严重,使用体验,负面
2055,整体,挺好,整体,正面
2055,整体,不错,整体,正面
2055,使用体验,上妆很合适,使用体验,正面
2055,整体,希望接下来也不会让我失望,整体,负面
2055,气味,娃娃香,气味,正面
2056,价格,优惠力度没有之前买一送一时大,价格,负面
2056,防晒霜,没有搓泥,使用体验,正面
2057,整体,好用,整体,正面
2057,价格,便宜太多了,价格,正面
2057,整体,太划算了,整体,正面
2058,价格,实惠,价格,正面
2058,物流,快,物流,正面
2059,质量,不错,整体,正面
2059,_,爱妻非常喜欢,整体,正面
2059,_,服务到位,服务,正面
2060,_,_,_,_
2061,_,很满意,整体,正面
2062,气味,味道难闻,气味,负面
2062,_,是那种水乳的,其他,中性
2062,_,不会起泡泡,其他,负面
2063,_,挺好,整体,正面
2064,_,实在不敢苟同,整体,负面
2064,_,没有广告宣传的那么好,整体,负面
2064,_,价格就在那放的了,价格,负面
2065,物流,相当快,物流,正面
2065,包装,精致,包装,正面
2065,_,一如既往的好,整体,正面
2065,_,值得拥有,整体,正面
2066,使用体验,好用,使用体验,正面
2066,使用体验,特别湿润舒服还有弹力,使用体验,正面
2066,功效,补水效果没得说,功效,正面
2066,做工,做工细致,其他,正面
2066,整体,补水神器,整体,正面
2067,_,_,_,_
2068,量,很少,其他,负面
2068,_,和想象的不一样,整体,负面
2068,味道,还勉强可以吧,气味,中性
2068,_,不像是正品,真伪,负面
2069,气味,香中带着难闻的气味,气味,负面
2069,_,不好用,使用体验,负面
2069,_,贴了两分钟就拿掉了,使用体验,负面
2069,_,没人鱼的好用,使用体验,负面
2070,_,好用,整体,正面
2071,使用体验,过敏,使用体验,负面
2071,使用体验,很严重,使用体验,负面
2071,使用体验,红疹,使用体验,负面
2072,物流,超快,物流,正面
2072,_,正品,真伪,正面
2073,真伪,绝对的正品,真伪,正面
2073,功效,补水效果很好,功效,正面
2074,质感,特别薄,其他,负面
2074,质感,很服帖,其他,正面
2074,容量,容量多,尺寸,正面
2074,香味,香味有点重,气味,负面
2074,_,下次还会继续光顾的,整体,正面
2075,包装,太差,包装,负面
2075,包装,连外面的纸箱都省了,包装,负面
2076,遮瑕效果,有点,功效,正面
2076,遮瑕效果,挺,功效,正面
2076,持妆效果,不错,使用体验,正面
2076,_,五个小时没问题,使用体验,正面
2077,_,不错,整体,正面
2077,_,很喜欢,整体,正面
2078,_,_,_,_
2079,_,不错的,整体,正面
2079,_,不错,整体,正面
2079,_,还可以,整体,中性
2080,保湿,很好,功效,正面
2080,遮暇效果,不错,使用体验,正面
2080,_,很快,物流,正面
2080,_,满意,整体,正面
2081,价格,很划算,价格,正面
2081,数量,够用上一阵子,其他,正面
2082,味道,香香的,气味,正面
2082,_,很不错,整体,正面
2083,面膜,很水润,使用体验,正面
2083,面膜,很服帖,使用体验,正面
2083,面膜,很划算,价格,正面
2084,_,还可以,整体,中性
2084,_,很好吸收,整体,正面
2084,盖子,很蠢,其他,负面
2084,盖子,不好看,其他,负面
2085,_,_,_,_
2086,_,好评,整体,正面
2087,_,不少,其他,正面
2087,客服小茜服务,很好,服务,正面
2088,_,快,物流,正面
2088,_,蛮好,整体,正面
2089,整体,还不错,整体,正面
2089,使用体验,没有过敏,使用体验,正面
2090,使用体验,很不错,使用体验,正面
2090,使用体验,不会太干,使用体验,正面
2090,价格,价格适中,价格,正面
2090,整体,很喜欢这个粉粉的,整体,正面
2090,_,估计能用一段时间了,整体,正面
2091,_,很方便,整体,正面
2091,_,价格实惠,价格,正面
2092,泡叶藻和墨角藻的面膜,没有,其他,负面
2092,_,一般般了,整体,负面
2093,真伪,是正品,真伪,正面
2093,_,挺滋润,使用体验,正面
2093,_,拿起来也特别方便,使用体验,正面
2093,物流,快递非常快,物流,正面
2094,_,_,_,_
2095,真伪,是正品,真伪,正面
2095,_,很好用,整体,正面
2096,_,_,_,_
2097,_,挺好的,整体,正面
2098,面膜,很补水,功效,正面
2098,包装,很漂亮,包装,正面
2099,_,_,_,_
2100,物流,很快,物流,正面
2100,物流,很满意,服务,正面
2101,隔离霜,容易抹开,使用体验,正面
2101,隔离霜,很喜欢,整体,正面
2102,价格,很划算,价格,正面
2103,气味,刺鼻,气味,负面
2103,_,不是正品,真伪,负面
2104,包装,精美,包装,正面
2104,_,物美价廉,价格,正面
2104,_,非常值得拥有,整体,正面
2105,整体,很喜欢,整体,正面
2105,使用体验,上妆特别服帖,使用体验,正面
2105,物流,很快,物流,正面
2105,价格,实惠,价格,正面
2106,_,很棒,整体,正面
2107,使用体验,很好用,使用体验,正面
2107,物流,很快,物流,正面
2107,真伪,正品,真伪,正面
2108,遮瑕,不太好,功效,负面
2108,遮瑕,不是专门遮瑕的,功效,负面
2109,_,好,服务,正面
2109,_,划算,价格,正面
2109,_,有保障,服务,正面
2110,整体,不咋滴,整体,负面
2111,盖子设计,太狗血,其他,负面
2111,盖子设计,好难盖,其他,负面
2112,质量,非常好,整体,正面
2112,快递,很快,物流,正面
2113,价格,比较便宜,价格,正面
2113,_,未使用,使用体验,中性
2113,_,暂时不知道效果,功效,中性
2114,补水,期待的那么补水,功效,中性
2115,_,性价比高,整体,正面
2115,_,很不错,整体,正面
2116,_,挺好的,整体,正面
2117,_,挺好,整体,正面
2117,_,回购无数次,整体,正面
2118,功效,没什么效果,功效,负面
2118,_,有点刺痛,使用体验,负面
2119,包装,不好,包装,负面
2120,_,很好用,整体,正面
2120,_,很划算,价格,正面
2120,_,太满意了,整体,正面
2121,补水效果,真的很不错,功效,正面
2122,使用体验,洗得干净,使用体验,正面
2122,使用体验,泡沫丰富,使用体验,正面
2122,使用体验,洗后不是特紧绷,使用体验,正面
2122,物流,物流快,物流,正面
2122,整体,5分好评,整体,正面
2123,护肤品,超级好用,使用体验,正面
2123,护肤品,非常保湿,使用体验,正面
2123,护肤品,真的特别好,使用体验,正面
2123,护肤品,大爱,使用体验,正面
2124,_,_,_,_
2125,使用体验,好用,使用体验,正面
2125,使用体验,洗完不紧绷,使用体验,正面
2125,使用体验,很舒服,使用体验,正面
2126,_,不错,整体,正面
2126,_,用的很好,整体,正面
2127,真伪,是正品,真伪,正面
2127,功效,补水效果很好,功效,正面
2127,_,一直都用这个牌子,整体,正面
2127,_,同事也买了,整体,正面
2128,赠品,没有,其他,负面
2129,_,好用,整体,正面
2130,整体,不错,整体,正面
2130,_,不会去痘痘,功效,中性
2130,_,不会过敏,功效,中性
2130,_,比较适合我这体质,使用体验,正面
2130,价格,不贵,价格,正面
2131,清洁度,中等,功效,中性
2131,使用体验,柔和舒服,使用体验,正面
2131,_,OK,整体,正面
2131,_,共用一支,整体,中性
2132,质量,非常好,整体,正面
2133,_,_,_,_
2134,_,确实不错,整体,正面
2134,_,不错,整体,正面
2134,_,很服帖,使用体验,正面
2134,精华,很多,成分,正面
2134,_,补水效果不错,功效,正面
2135,服务,服务态度很好,服务,正面
2135,_,很好用,使用体验,正面
2136,包装,完好,包装,正面
2136,_,应该很好用吧,整体,正面
2136,_,还送了换替装,其他,正面
2137,价格,买一送一特别划算,价格,正面
2137,功效,补水效果也不错,功效,正面
2138,_,很棒,整体,正面
2138,物流,很快,物流,正面
2138,_,棒哒,整体,正面
2139,整体,很喜欢,整体,正面
2139,_,用后提肤色,功效,正面
2139,_,很自然,使用体验,正面
2139,_,香味优然,气味,正面
2139,物流,超快,物流,正面
2140,_,喜欢得不得了,整体,正面
2141,_,信赖,整体,正面
2142,_,_,_,_
2143,使用体验,还不错,使用体验,正面
2143,使用体验,洗过脸之后会有点干皮肤,使用体验,负面
2144,洗面奶,很好用,整体,正面
2145,补水效果,非常好,功效,正面
2146,物流,很快,物流,正面
2147,_,不错,整体,正面
2147,物流,很快,物流,正面
2148,包装,不错,包装,正面
2148,_,昨天就收到货了,物流,正面
2148,_,期待使用后的效果,使用体验,中性
2149,保湿,好,功效,正面
2149,贴皮肤,好,使用体验,正面
2150,服务,超级贴心,服务,正面
2150,隔离霜,有淡淡的香味,气味,正面
2150,隔离霜,蛮保湿,功效,正面
2150,赠品,很好,其他,正面
2151,_,_,_,_
2152,包装,挺好的,包装,正面
2153,_,很好用,整体,正面
2153,_,质量好,整体,正面
2154,_,很好用,整体,正面
2154,补水效果,超好的,功效,正面
2154,_,快用完了又来囤货了,整体,正面
2155,整体,很好,整体,正面
2156,_,贵了点,价格,负面
2157,_,很好用,整体,正面
2157,_,该好好保养,整体,正面
2158,包装,不太好,包装,负面
2158,_,很好,服务,正面
2159,物流,给力,物流,正面
2159,_,很喜欢,整体,正面
2160,补水效果,很好,功效,正面
2160,_,没有不适反应,使用体验,正面
2160,_,值得拥有,整体,正面
2161,物流,棒棒哒,物流,正面
2162,_,_,_,_
2163,_,太香了,气味,正面
2164,整体,非常好,整体,正面
2164,价格,给力,价格,正面
2164,价格,优惠,价格,正面
2164,服务,放心,服务,正面
2165,补水,很,功效,正面
2166,整体,非常好用,整体,正面
2167,气味,太刺鼻,气味,负面
2167,_,没有泡沫,使用体验,负面
2167,_,感觉不好,使用体验,负面
2168,_,香香的,气味,正面
2168,_,细腻,使用体验,正面
2168,_,滑滑的,使用体验,正面
2168,_,舒服,使用体验,正面
2169,_,不错,整体,正面
2169,_,实惠,价格,正面
2169,_,值得购买,整体,正面
2170,清洁效果,不太好洗,使用体验,负面
2170,使用后感受,洗完脸上滑滑的感觉没洗干净,使用体验,负面
2170,成分,貌似没有看到氨基酸,成分,负面
2171,_,值得拥有,整体,正面
2172,快递,好快,物流,正面
2173,物流,快,物流,正面
2173,_,还没用,使用体验,中性
2173,_,不知道怎么样,使用体验,中性
2174,价格,没差别,价格,中性
2174,_,根本不值199,价格,负面
2174,_,凑合吧,整体,中性
2175,_,有股奇怪的味道,气味,负面
2175,_,还可以吧,整体,中性
2176,_,不错,整体,正面
2177,_,_,_,_
2178,味道,原来的味道,气味,正面
2178,配方,原来的配方,其他,正面
2178,整体,超级好用的,整体,正面
2179,粉扑,不怎么好,使用体验,负面
2179,粉扑,用起来不方便,使用体验,负面
2179,颜色,不是很自然,其他,负面
2180,颜色,不符合,其他,负面
2180,_,还行吧,整体,中性
2181,_,买一送一抢到了,价格,正面
2181,_,能接受的油腻感,气味,中性
2181,_,质地延展性很好,使用体验,正面
2181,_,气味不太好闻,气味,负面
2182,_,_,_,_
2183,_,很好用,整体,正面
2183,_,好评,整体,正面
2184,_,_,_,_
2185,物流,好快,物流,正面
2186,包装,送,包装,正面
2187,_,挺好的,整体,正面
2188,_,_,_,_
2189,物流,快,物流,正面
2189,_,号,整体,中性
2189,_,正品,真伪,正面
2190,包装,抠门,包装,负面
2190,_,还行,整体,中性
2191,快递,快,物流,正面
2192,_,_,_,_
2193,_,划算,价格,正面
2193,_,太慢了,物流,负面
2194,物流,发货很快,物流,正面
2194,服务,省心,服务,正面
2194,服务,省时省力,服务,正面
2195,产品,好用,整体,正面
2195,性价比,高,价格,正面
2196,包装,好,包装,正面
2196,物流,快,物流,正面
2196,产品,很满意,整体,正面
2197,洗面奶,适合我,使用体验,正面
2198,价格,好贵,价格,负面
2198,_,一大瓶,整体,中性
2199,气味,好闻,气味,正面
2200,_,不太好用,整体,负面
2201,物流,快,物流,正面
2201,包装,好看,包装,正面
2201,整体,满意,整体,正面
2202,_,很划算,价格,正面
2203,_,_,_,_
2204,_,_,_,_
2205,包装,一般,包装,中性
2205,包装,很精致,包装,正面
2206,_,_,_,_
2207,泡沫,有,使用体验,中性
2207,泡沫,不细腻,使用体验,负面
2207,_,味道还行,气味,中性
2208,整体,不错,整体,正面
2209,_,不错,整体,正面
2209,_,挺好,整体,正面
2209,_,温和不刺激,使用体验,正面
2210,_,非常棒,整体,正面
2211,价格,很便宜,价格,正面
2211,性价比,挺高的,价格,正面
2211,_,一天一片都不心疼的,使用体验,正面
2211,_,还送了面膜盒,包装,正面
2212,_,还行,整体,中性
2212,价格,不贵,价格,正面
2212,_,经济实惠,整体,正面
2213,_,_,_,_
2214,_,_,_,_
2215,价格,便宜点,价格,正面
2215,价格,更贵,价格,负面
2215,_,骗,整体,负面
2216,补水效果,挺不错,功效,正面
2217,物流,挺快的,物流,正面
2217,_,还不错,整体,正面
2217,_,挺舒服的,使用体验,正面
2218,外包装,不好看,包装,负面
2219,_,挺好的,整体,正面
2219,_,细腻,使用体验,正面
2219,_,顺滑,使用体验,正面
2219,_,有光泽,使用体验,正面
2219,_,多次购买了,整体,正面
2219,_,值得拥有,整体,正面
2219,_,也不错,其他,正面
2220,_,超划算,价格,正面
2220,物流,少发了,物流,负面
2220,物流,补上了,物流,正面
2220,_,很好,整体,正面
2221,_,_,_,_
2222,气垫,特别好用,使用体验,正面
2222,整体,非常满意,整体,正面
2223,_,_,_,_
2224,补水效果,很好,功效,正面
2225,色号,买深了点,其他,负面
2225,卸妆水,真好,其他,正面
2226,_,挺好,整体,正面
2226,_,挺适合,整体,正面
2227,清洁效果,还可以吧,功效,中性
2227,_,比较优惠些,价格,正面
2228,质量,一般一般,整体,中性
2228,_,价格在哪儿,价格,负面
2229,_,好到好多好评,整体,正面
2229,_,十分满意,整体,正面
2230,_,不错,整体,正面
2230,_,有明显的效果,功效,正面
2230,_,好评,整体,正面
2231,整体,效果挺好的,整体,正面
2232,包装,很好,包装,正面
2232,_,棒棒哒,整体,正面
2232,_,好用,整体,正面
2232,真伪,是正品,真伪,正面
2233,价格,划算,价格,正面
2234,细腻,细腻,其他,正面
2234,白,不是太白,其他,负面
2234,_,有点少,其他,负面
2235,物流,超快,物流,正面
2235,面膜,很好用,使用体验,正面
2236,显白,挺,使用体验,正面
2236,推开,不容易,使用体验,负面
2237,_,很不错,整体,正面
2237,_,容易推开,使用体验,正面
2237,_,改善肤色,功效,正面
2237,_,还会回购,整体,正面